id,city,type,name,desc,link,put,put_link
1,Kabul,plane,Kabul International Airport,Main airport connecting Kabul to international destinations,https://www.skyscanner.com,Take the official airport express bus or taxi directly to city center.,
2,Kabul,bus,Kabul Central Bus Terminal,Intercity bus terminal with connections across Afghanistan,https://www.flixbus.com,Local city bus or taxi service available outside the terminal.,
3,Herat,plane,Herat International Airport,Main airport connecting Herat to international destinations,https://www.skyscanner.com,Take the official airport express bus or taxi directly to city center.,
4,Herat,bus,Herat Central Bus Terminal,Intercity bus terminal with connections across Afghanistan,https://www.flixbus.com,Local city bus or taxi service available outside the terminal.,
5,Kandahar,plane,Kandahar International Airport,Main airport connecting Kandahar to international destinations,https://www.skyscanner.com,Take the official airport express bus or taxi directly to city center.,
6,Kandahar,bus,Kandahar Central Bus Terminal,Intercity bus terminal with connections across Afghanistan,https://www.flixbus.com,Local city bus or taxi service available outside the terminal.,
7,Molah,plane,Molah International Airport,Main airport connecting Molah to international destinations,https://www.skyscanner.com,Take the official airport express bus or taxi directly to city center.,
8,Molah,bus,Molah Central Bus Terminal,Intercity bus terminal with connections across Afghanistan,https://www.flixbus.com,Local city bus or taxi service available outside the terminal.,
9,Tirana,plane,Tirana International Airport,Main airport connecting Tirana to international destinations,https://www.skyscanner.com,Take the official airport express bus or taxi directly to city center.,
10,Tirana,bus,Tirana Central Bus Terminal,Intercity bus terminal with connections across Albania,https://www.flixbus.com,Local city bus or taxi service available outside the terminal.,
11,Elbasan,plane,Elbasan International Airport,Main airport connecting Elbasan to international destinations,https://www.skyscanner.com,Take the official airport express bus or taxi directly to city center.,
12,Elbasan,bus,Elbasan Central Bus Terminal,Intercity bus terminal with connections across Albania,https://www.flixbus.com,Local city bus or taxi service available outside the terminal.,
13,Petran,plane,Petran International Airport,Main airport connecting Petran to international destinations,https://www.skyscanner.com,Take the official airport express bus or taxi directly to city center.,
14,Petran,bus,Petran Central Bus Terminal,Intercity bus terminal with connections across Albania,https://www.flixbus.com,Local city bus or taxi service available outside the terminal.,
15,Pogradec,plane,Pogradec International Airport,Main airport connecting Pogradec to international destinations,https://www.skyscanner.com,Take the official airport express bus or taxi directly to city center.,
16,Pogradec,bus,Pogradec Central Bus Terminal,Intercity bus terminal with connections across Albania,https://www.flixbus.com,Local city bus or taxi service available outside the terminal.,
17,Algiers,plane,Algiers International Airport,Main airport connecting Algiers to international destinations,https://www.skyscanner.com,Take the official airport express bus or taxi directly to city center.,
18,Algiers,bus,Algiers Central Bus Terminal,Intercity bus terminal with connections across Algeria,https://www.flixbus.com,Local city bus or taxi service available outside the terminal.,
19,Annaba,plane,Annaba International Airport,Main airport connecting Annaba to international destinations,https://www.skyscanner.com,Take the official airport express bus or taxi directly to city center.,
20,Annaba,bus,Annaba Central Bus Terminal,Intercity bus terminal with connections across Algeria,https://www.flixbus.com,Local city bus or taxi service available outside the terminal.,
21,Azazga,plane,Azazga International Airport,Main airport connecting Azazga to international destinations,https://www.skyscanner.com,Take the official airport express bus or taxi directly to city center.,
22,Azazga,bus,Azazga Central Bus Terminal,Intercity bus terminal with connections across Algeria,https://www.flixbus.com,Local city bus or taxi service available outside the terminal.,
23,Batna City,plane,Batna City International Airport,Main airport connecting Batna City to international destinations,https://www.skyscanner.com,Take the official airport express bus or taxi directly to city center.,
24,Batna City,bus,Batna City Central Bus Terminal,Intercity bus terminal with connections across Algeria,https://www.flixbus.com,Local city bus or taxi service available outside the terminal.,
25,Pago Pago,plane,Pago Pago International Airport,Main airport connecting Pago Pago to international destinations,https://www.skyscanner.com,Take the official airport express bus or taxi directly to city center.,
26,Pago Pago,bus,Pago Pago Central Bus Terminal,Intercity bus terminal with connections across American Samoa,https://www.flixbus.com,Local city bus or taxi service available outside the terminal.,
27,Andorra la Vella,plane,Andorra la Vella International Airport,Main airport connecting Andorra la Vella to international destinations,https://www.skyscanner.com,Take the official airport express bus or taxi directly to city center.,
28,Andorra la Vella,bus,Andorra la Vella Central Bus Terminal,Intercity bus terminal with connections across Andorra,https://www.flixbus.com,Local city bus or taxi service available outside the terminal.,
29,Canillo,plane,Canillo International Airport,Main airport connecting Canillo to international destinations,https://www.skyscanner.com,Take the official airport express bus or taxi directly to city center.,
30,Canillo,bus,Canillo Central Bus Terminal,Intercity bus terminal with connections across Andorra,https://www.flixbus.com,Local city bus or taxi service available outside the terminal.,
31,Encamp,plane,Encamp International Airport,Main airport connecting Encamp to international destinations,https://www.skyscanner.com,Take the official airport express bus or taxi directly to city center.,
32,Encamp,bus,Encamp Central Bus Terminal,Intercity bus terminal with connections across Andorra,https://www.flixbus.com,Local city bus or taxi service available outside the terminal.,
33,Engordany,plane,Engordany International Airport,Main airport connecting Engordany to international destinations,https://www.skyscanner.com,Take the official airport express bus or taxi directly to city center.,
34,Engordany,bus,Engordany Central Bus Terminal,Intercity bus terminal with connections across Andorra,https://www.flixbus.com,Local city bus or taxi service available outside the terminal.,
35,Luanda,plane,Luanda International Airport,Main airport connecting Luanda to international destinations,https://www.skyscanner.com,Take the official airport express bus or taxi directly to city center.,
36,Luanda,bus,Luanda Central Bus Terminal,Intercity bus terminal with connections across Angola,https://www.flixbus.com,Local city bus or taxi service available outside the terminal.,
37,Ambriz,plane,Ambriz International Airport,Main airport connecting Ambriz to international destinations,https://www.skyscanner.com,Take the official airport express bus or taxi directly to city center.,
38,Ambriz,bus,Ambriz Central Bus Terminal,Intercity bus terminal with connections across Angola,https://www.flixbus.com,Local city bus or taxi service available outside the terminal.,
39,Benguela,plane,Benguela International Airport,Main airport connecting Benguela to international destinations,https://www.skyscanner.com,Take the official airport express bus or taxi directly to city center.,
40,Benguela,bus,Benguela Central Bus Terminal,Intercity bus terminal with connections across Angola,https://www.flixbus.com,Local city bus or taxi service available outside the terminal.,
41,Cabinda,plane,Cabinda International Airport,Main airport connecting Cabinda to international destinations,https://www.skyscanner.com,Take the official airport express bus or taxi directly to city center.,
42,Cabinda,bus,Cabinda Central Bus Terminal,Intercity bus terminal with connections across Angola,https://www.flixbus.com,Local city bus or taxi service available outside the terminal.,
43,The Valley,plane,The Valley International Airport,Main airport connecting The Valley to international destinations,https://www.skyscanner.com,Take the official airport express bus or taxi directly to city center.,
44,The Valley,bus,The Valley Central Bus Terminal,Intercity bus terminal with connections across Anguilla,https://www.flixbus.com,Local city bus or taxi service available outside the terminal.,
45,Blowing Point Village,plane,Blowing Point Village International Airport,Main airport connecting Blowing Point Village to international destinations,https://www.skyscanner.com,Take the official airport express bus or taxi directly to city center.,
46,Blowing Point Village,bus,Blowing Point Village Central Bus Terminal,Intercity bus terminal with connections across Anguilla,https://www.flixbus.com,Local city bus or taxi service available outside the terminal.,
47,Sandy Ground Village,plane,Sandy Ground Village International Airport,Main airport connecting Sandy Ground Village to international destinations,https://www.skyscanner.com,Take the official airport express bus or taxi directly to city center.,
48,Sandy Ground Village,bus,Sandy Ground Village Central Bus Terminal,Intercity bus terminal with connections across Anguilla,https://www.flixbus.com,Local city bus or taxi service available outside the terminal.,
49,Sandy Hill,plane,Sandy Hill International Airport,Main airport connecting Sandy Hill to international destinations,https://www.skyscanner.com,Take the official airport express bus or taxi directly to city center.,
50,Sandy Hill,bus,Sandy Hill Central Bus Terminal,Intercity bus terminal with connections across Anguilla,https://www.flixbus.com,Local city bus or taxi service available outside the terminal.,
51,Saint John's,plane,Saint John's International Airport,Main airport connecting Saint John's to international destinations,https://www.skyscanner.com,Take the official airport express bus or taxi directly to city center.,
52,Saint John's,bus,Saint John's Central Bus Terminal,Intercity bus terminal with connections across Antigua and Barbuda,https://www.flixbus.com,Local city bus or taxi service available outside the terminal.,
53,All Saints,plane,All Saints International Airport,Main airport connecting All Saints to international destinations,https://www.skyscanner.com,Take the official airport express bus or taxi directly to city center.,
54,All Saints,bus,All Saints Central Bus Terminal,Intercity bus terminal with connections across Antigua and Barbuda,https://www.flixbus.com,Local city bus or taxi service available outside the terminal.,
55,Cassada Gardens,plane,Cassada Gardens International Airport,Main airport connecting Cassada Gardens to international destinations,https://www.skyscanner.com,Take the official airport express bus or taxi directly to city center.,
56,Cassada Gardens,bus,Cassada Gardens Central Bus Terminal,Intercity bus terminal with connections across Antigua and Barbuda,https://www.flixbus.com,Local city bus or taxi service available outside the terminal.,
57,Codrington,plane,Codrington International Airport,Main airport connecting Codrington to international destinations,https://www.skyscanner.com,Take the official airport express bus or taxi directly to city center.,
58,Codrington,bus,Codrington Central Bus Terminal,Intercity bus terminal with connections across Antigua and Barbuda,https://www.flixbus.com,Local city bus or taxi service available outside the terminal.,
59,Buenos Aires,plane,Buenos Aires International Airport,Main airport connecting Buenos Aires to international destinations,https://www.skyscanner.com,Take the official airport express bus or taxi directly to city center.,
60,Buenos Aires,bus,Buenos Aires Central Bus Terminal,Intercity bus terminal with connections across Argentina,https://www.flixbus.com,Local city bus or taxi service available outside the terminal.,
61,28 de Noviembre,plane,28 de Noviembre International Airport,Main airport connecting 28 de Noviembre to international destinations,https://www.skyscanner.com,Take the official airport express bus or taxi directly to city center.,
62,28 de Noviembre,bus,28 de Noviembre Central Bus Terminal,Intercity bus terminal with connections across Argentina,https://www.flixbus.com,Local city bus or taxi service available outside the terminal.,
63,Abasto,plane,Abasto International Airport,Main airport connecting Abasto to international destinations,https://www.skyscanner.com,Take the official airport express bus or taxi directly to city center.,
64,Abasto,bus,Abasto Central Bus Terminal,Intercity bus terminal with connections across Argentina,https://www.flixbus.com,Local city bus or taxi service available outside the terminal.,
65,Acassuso,plane,Acassuso International Airport,Main airport connecting Acassuso to international destinations,https://www.skyscanner.com,Take the official airport express bus or taxi directly to city center.,
66,Acassuso,bus,Acassuso Central Bus Terminal,Intercity bus terminal with connections across Argentina,https://www.flixbus.com,Local city bus or taxi service available outside the terminal.,
67,Yerevan,plane,Yerevan International Airport,Main airport connecting Yerevan to international destinations,https://www.skyscanner.com,Take the official airport express bus or taxi directly to city center.,
68,Yerevan,bus,Yerevan Central Bus Terminal,Intercity bus terminal with connections across Armenia,https://www.flixbus.com,Local city bus or taxi service available outside the terminal.,
69,Abovyan,plane,Abovyan International Airport,Main airport connecting Abovyan to international destinations,https://www.skyscanner.com,Take the official airport express bus or taxi directly to city center.,
70,Abovyan,bus,Abovyan Central Bus Terminal,Intercity bus terminal with connections across Armenia,https://www.flixbus.com,Local city bus or taxi service available outside the terminal.,
71,Agarak,plane,Agarak International Airport,Main airport connecting Agarak to international destinations,https://www.skyscanner.com,Take the official airport express bus or taxi directly to city center.,
72,Agarak,bus,Agarak Central Bus Terminal,Intercity bus terminal with connections across Armenia,https://www.flixbus.com,Local city bus or taxi service available outside the terminal.,
73,Apaga,plane,Apaga International Airport,Main airport connecting Apaga to international destinations,https://www.skyscanner.com,Take the official airport express bus or taxi directly to city center.,
74,Apaga,bus,Apaga Central Bus Terminal,Intercity bus terminal with connections across Armenia,https://www.flixbus.com,Local city bus or taxi service available outside the terminal.,
75,Oranjestad,plane,Oranjestad International Airport,Main airport connecting Oranjestad to international destinations,https://www.skyscanner.com,Take the official airport express bus or taxi directly to city center.,
76,Oranjestad,bus,Oranjestad Central Bus Terminal,Intercity bus terminal with connections across Aruba,https://www.flixbus.com,Local city bus or taxi service available outside the terminal.,
77,Noord,plane,Noord International Airport,Main airport connecting Noord to international destinations,https://www.skyscanner.com,Take the official airport express bus or taxi directly to city center.,
78,Noord,bus,Noord Central Bus Terminal,Intercity bus terminal with connections across Aruba,https://www.flixbus.com,Local city bus or taxi service available outside the terminal.,
79,Palm Beach,plane,Palm Beach International Airport,Main airport connecting Palm Beach to international destinations,https://www.skyscanner.com,Take the official airport express bus or taxi directly to city center.,
80,Palm Beach,bus,Palm Beach Central Bus Terminal,Intercity bus terminal with connections across Aruba,https://www.flixbus.com,Local city bus or taxi service available outside the terminal.,
81,Paradera,plane,Paradera International Airport,Main airport connecting Paradera to international destinations,https://www.skyscanner.com,Take the official airport express bus or taxi directly to city center.,
82,Paradera,bus,Paradera Central Bus Terminal,Intercity bus terminal with connections across Aruba,https://www.flixbus.com,Local city bus or taxi service available outside the terminal.,
83,Canberra,plane,Canberra International Airport,Main airport connecting Canberra to international destinations,https://www.skyscanner.com,Take the official airport express bus or taxi directly to city center.,
84,Canberra,bus,Canberra Central Bus Terminal,Intercity bus terminal with connections across Australia,https://www.flixbus.com,Local city bus or taxi service available outside the terminal.,
85,Abbotsford,plane,Abbotsford International Airport,Main airport connecting Abbotsford to international destinations,https://www.skyscanner.com,Take the official airport express bus or taxi directly to city center.,
86,Abbotsford,bus,Abbotsford Central Bus Terminal,Intercity bus terminal with connections across Australia,https://www.flixbus.com,Local city bus or taxi service available outside the terminal.,
87,Abbotsham,plane,Abbotsham International Airport,Main airport connecting Abbotsham to international destinations,https://www.skyscanner.com,Take the official airport express bus or taxi directly to city center.,
88,Abbotsham,bus,Abbotsham Central Bus Terminal,Intercity bus terminal with connections across Australia,https://www.flixbus.com,Local city bus or taxi service available outside the terminal.,
89,Aberdeen,plane,Aberdeen International Airport,Main airport connecting Aberdeen to international destinations,https://www.skyscanner.com,Take the official airport express bus or taxi directly to city center.,
90,Aberdeen,bus,Aberdeen Central Bus Terminal,Intercity bus terminal with connections across Australia,https://www.flixbus.com,Local city bus or taxi service available outside the terminal.,
91,Vienna,plane,Vienna International Airport,Main airport connecting Vienna to international destinations,https://www.skyscanner.com,Take the official airport express bus or taxi directly to city center.,
92,Vienna,bus,Vienna Central Bus Terminal,Intercity bus terminal with connections across Austria,https://www.flixbus.com,Local city bus or taxi service available outside the terminal.,
93,Absam,plane,Absam International Airport,Main airport connecting Absam to international destinations,https://www.skyscanner.com,Take the official airport express bus or taxi directly to city center.,
94,Absam,bus,Absam Central Bus Terminal,Intercity bus terminal with connections across Austria,https://www.flixbus.com,Local city bus or taxi service available outside the terminal.,
95,Absdorf,plane,Absdorf International Airport,Main airport connecting Absdorf to international destinations,https://www.skyscanner.com,Take the official airport express bus or taxi directly to city center.,
96,Absdorf,bus,Absdorf Central Bus Terminal,Intercity bus terminal with connections across Austria,https://www.flixbus.com,Local city bus or taxi service available outside the terminal.,
97,Abtenau,plane,Abtenau International Airport,Main airport connecting Abtenau to international destinations,https://www.skyscanner.com,Take the official airport express bus or taxi directly to city center.,
98,Abtenau,bus,Abtenau Central Bus Terminal,Intercity bus terminal with connections across Austria,https://www.flixbus.com,Local city bus or taxi service available outside the terminal.,
99,Baku,plane,Baku International Airport,Main airport connecting Baku to international destinations,https://www.skyscanner.com,Take the official airport express bus or taxi directly to city center.,
100,Baku,bus,Baku Central Bus Terminal,Intercity bus terminal with connections across Azerbaijan,https://www.flixbus.com,Local city bus or taxi service available outside the terminal.,
101,Nakhchivan,plane,Nakhchivan International Airport,Main airport connecting Nakhchivan to international destinations,https://www.skyscanner.com,Take the official airport express bus or taxi directly to city center.,
102,Nakhchivan,bus,Nakhchivan Central Bus Terminal,Intercity bus terminal with connections across Azerbaijan,https://www.flixbus.com,Local city bus or taxi service available outside the terminal.,
103,Quba,plane,Quba International Airport,Main airport connecting Quba to international destinations,https://www.skyscanner.com,Take the official airport express bus or taxi directly to city center.,
104,Quba,bus,Quba Central Bus Terminal,Intercity bus terminal with connections across Azerbaijan,https://www.flixbus.com,Local city bus or taxi service available outside the terminal.,
105,Qusar,plane,Qusar International Airport,Main airport connecting Qusar to international destinations,https://www.skyscanner.com,Take the official airport express bus or taxi directly to city center.,
106,Qusar,bus,Qusar Central Bus Terminal,Intercity bus terminal with connections across Azerbaijan,https://www.flixbus.com,Local city bus or taxi service available outside the terminal.,
107,Nassau,plane,Nassau International Airport,Main airport connecting Nassau to international destinations,https://www.skyscanner.com,Take the official airport express bus or taxi directly to city center.,
108,Nassau,bus,Nassau Central Bus Terminal,Intercity bus terminal with connections across Bahamas,https://www.flixbus.com,Local city bus or taxi service available outside the terminal.,
109,Andros Town,plane,Andros Town International Airport,Main airport connecting Andros Town to international destinations,https://www.skyscanner.com,Take the official airport express bus or taxi directly to city center.,
110,Andros Town,bus,Andros Town Central Bus Terminal,Intercity bus terminal with connections across Bahamas,https://www.flixbus.com,Local city bus or taxi service available outside the terminal.,
111,Dunmore Town,plane,Dunmore Town International Airport,Main airport connecting Dunmore Town to international destinations,https://www.skyscanner.com,Take the official airport express bus or taxi directly to city center.,
112,Dunmore Town,bus,Dunmore Town Central Bus Terminal,Intercity bus terminal with connections across Bahamas,https://www.flixbus.com,Local city bus or taxi service available outside the terminal.,
113,Freeport,plane,Freeport International Airport,Main airport connecting Freeport to international destinations,https://www.skyscanner.com,Take the official airport express bus or taxi directly to city center.,
114,Freeport,bus,Freeport Central Bus Terminal,Intercity bus terminal with connections across Bahamas,https://www.flixbus.com,Local city bus or taxi service available outside the terminal.,
115,Manama,plane,Manama International Airport,Main airport connecting Manama to international destinations,https://www.skyscanner.com,Take the official airport express bus or taxi directly to city center.,
116,Manama,bus,Manama Central Bus Terminal,Intercity bus terminal with connections across Bahrain,https://www.flixbus.com,Local city bus or taxi service available outside the terminal.,
117,Al Budayyi`,plane,Al Budayyi` International Airport,Main airport connecting Al Budayyi` to international destinations,https://www.skyscanner.com,Take the official airport express bus or taxi directly to city center.,
118,Al Budayyi`,bus,Al Budayyi` Central Bus Terminal,Intercity bus terminal with connections across Bahrain,https://www.flixbus.com,Local city bus or taxi service available outside the terminal.,
119,Al Hadd,plane,Al Hadd International Airport,Main airport connecting Al Hadd to international destinations,https://www.skyscanner.com,Take the official airport express bus or taxi directly to city center.,
120,Al Hadd,bus,Al Hadd Central Bus Terminal,Intercity bus terminal with connections across Bahrain,https://www.flixbus.com,Local city bus or taxi service available outside the terminal.,
121,Al Hamalah,plane,Al Hamalah International Airport,Main airport connecting Al Hamalah to international destinations,https://www.skyscanner.com,Take the official airport express bus or taxi directly to city center.,
122,Al Hamalah,bus,Al Hamalah Central Bus Terminal,Intercity bus terminal with connections across Bahrain,https://www.flixbus.com,Local city bus or taxi service available outside the terminal.,
123,Dhaka,plane,Dhaka International Airport,Main airport connecting Dhaka to international destinations,https://www.skyscanner.com,Take the official airport express bus or taxi directly to city center.,
124,Dhaka,bus,Dhaka Central Bus Terminal,Intercity bus terminal with connections across Bangladesh,https://www.flixbus.com,Local city bus or taxi service available outside the terminal.,
125,Bagerhat,plane,Bagerhat International Airport,Main airport connecting Bagerhat to international destinations,https://www.skyscanner.com,Take the official airport express bus or taxi directly to city center.,
126,Bagerhat,bus,Bagerhat Central Bus Terminal,Intercity bus terminal with connections across Bangladesh,https://www.flixbus.com,Local city bus or taxi service available outside the terminal.,
127,Bandarban,plane,Bandarban International Airport,Main airport connecting Bandarban to international destinations,https://www.skyscanner.com,Take the official airport express bus or taxi directly to city center.,
128,Bandarban,bus,Bandarban Central Bus Terminal,Intercity bus terminal with connections across Bangladesh,https://www.flixbus.com,Local city bus or taxi service available outside the terminal.,
129,Barguna,plane,Barguna International Airport,Main airport connecting Barguna to international destinations,https://www.skyscanner.com,Take the official airport express bus or taxi directly to city center.,
130,Barguna,bus,Barguna Central Bus Terminal,Intercity bus terminal with connections across Bangladesh,https://www.flixbus.com,Local city bus or taxi service available outside the terminal.,
131,Bridgetown,plane,Bridgetown International Airport,Main airport connecting Bridgetown to international destinations,https://www.skyscanner.com,Take the official airport express bus or taxi directly to city center.,
132,Bridgetown,bus,Bridgetown Central Bus Terminal,Intercity bus terminal with connections across Barbados,https://www.flixbus.com,Local city bus or taxi service available outside the terminal.,
133,Atlantic Shores,plane,Atlantic Shores International Airport,Main airport connecting Atlantic Shores to international destinations,https://www.skyscanner.com,Take the official airport express bus or taxi directly to city center.,
134,Atlantic Shores,bus,Atlantic Shores Central Bus Terminal,Intercity bus terminal with connections across Barbados,https://www.flixbus.com,Local city bus or taxi service available outside the terminal.,
135,Bagatelle,plane,Bagatelle International Airport,Main airport connecting Bagatelle to international destinations,https://www.skyscanner.com,Take the official airport express bus or taxi directly to city center.,
136,Bagatelle,bus,Bagatelle Central Bus Terminal,Intercity bus terminal with connections across Barbados,https://www.flixbus.com,Local city bus or taxi service available outside the terminal.,
137,Bloomsbury,plane,Bloomsbury International Airport,Main airport connecting Bloomsbury to international destinations,https://www.skyscanner.com,Take the official airport express bus or taxi directly to city center.,
138,Bloomsbury,bus,Bloomsbury Central Bus Terminal,Intercity bus terminal with connections across Barbados,https://www.flixbus.com,Local city bus or taxi service available outside the terminal.,
139,Minsk,plane,Minsk International Airport,Main airport connecting Minsk to international destinations,https://www.skyscanner.com,Take the official airport express bus or taxi directly to city center.,
140,Minsk,bus,Minsk Central Bus Terminal,Intercity bus terminal with connections across Belarus,https://www.flixbus.com,Local city bus or taxi service available outside the terminal.,
141,Baranovichi,plane,Baranovichi International Airport,Main airport connecting Baranovichi to international destinations,https://www.skyscanner.com,Take the official airport express bus or taxi directly to city center.,
142,Baranovichi,bus,Baranovichi Central Bus Terminal,Intercity bus terminal with connections across Belarus,https://www.flixbus.com,Local city bus or taxi service available outside the terminal.,
143,Borisov,plane,Borisov International Airport,Main airport connecting Borisov to international destinations,https://www.skyscanner.com,Take the official airport express bus or taxi directly to city center.,
144,Borisov,bus,Borisov Central Bus Terminal,Intercity bus terminal with connections across Belarus,https://www.flixbus.com,Local city bus or taxi service available outside the terminal.,
145,Brest,plane,Brest International Airport,Main airport connecting Brest to international destinations,https://www.skyscanner.com,Take the official airport express bus or taxi directly to city center.,
146,Brest,bus,Brest Central Bus Terminal,Intercity bus terminal with connections across Belarus,https://www.flixbus.com,Local city bus or taxi service available outside the terminal.,
147,Brussels,plane,Brussels International Airport,Main airport connecting Brussels to international destinations,https://www.skyscanner.com,Take the official airport express bus or taxi directly to city center.,
148,Brussels,bus,Brussels Central Bus Terminal,Intercity bus terminal with connections across Belgium,https://www.flixbus.com,Local city bus or taxi service available outside the terminal.,
149,Aalbeke,plane,Aalbeke International Airport,Main airport connecting Aalbeke to international destinations,https://www.skyscanner.com,Take the official airport express bus or taxi directly to city center.,
150,Aalbeke,bus,Aalbeke Central Bus Terminal,Intercity bus terminal with connections across Belgium,https://www.flixbus.com,Local city bus or taxi service available outside the terminal.,
151,Aalst,plane,Aalst International Airport,Main airport connecting Aalst to international destinations,https://www.skyscanner.com,Take the official airport express bus or taxi directly to city center.,
152,Aalst,bus,Aalst Central Bus Terminal,Intercity bus terminal with connections across Belgium,https://www.flixbus.com,Local city bus or taxi service available outside the terminal.,
153,Aalter,plane,Aalter International Airport,Main airport connecting Aalter to international destinations,https://www.skyscanner.com,Take the official airport express bus or taxi directly to city center.,
154,Aalter,bus,Aalter Central Bus Terminal,Intercity bus terminal with connections across Belgium,https://www.flixbus.com,Local city bus or taxi service available outside the terminal.,
155,Belmopan,plane,Belmopan International Airport,Main airport connecting Belmopan to international destinations,https://www.skyscanner.com,Take the official airport express bus or taxi directly to city center.,
156,Belmopan,bus,Belmopan Central Bus Terminal,Intercity bus terminal with connections across Belize,https://www.flixbus.com,Local city bus or taxi service available outside the terminal.,
157,Belize City,plane,Belize City International Airport,Main airport connecting Belize City to international destinations,https://www.skyscanner.com,Take the official airport express bus or taxi directly to city center.,
158,Belize City,bus,Belize City Central Bus Terminal,Intercity bus terminal with connections across Belize,https://www.flixbus.com,Local city bus or taxi service available outside the terminal.,
159,Benque Viejo del Carmen,plane,Benque Viejo del Carmen International Airport,Main airport connecting Benque Viejo del Carmen to international destinations,https://www.skyscanner.com,Take the official airport express bus or taxi directly to city center.,
160,Benque Viejo del Carmen,bus,Benque Viejo del Carmen Central Bus Terminal,Intercity bus terminal with connections across Belize,https://www.flixbus.com,Local city bus or taxi service available outside the terminal.,
161,Freetown Sibun,plane,Freetown Sibun International Airport,Main airport connecting Freetown Sibun to international destinations,https://www.skyscanner.com,Take the official airport express bus or taxi directly to city center.,
162,Freetown Sibun,bus,Freetown Sibun Central Bus Terminal,Intercity bus terminal with connections across Belize,https://www.flixbus.com,Local city bus or taxi service available outside the terminal.,
163,Porto-Novo,plane,Porto-Novo International Airport,Main airport connecting Porto-Novo to international destinations,https://www.skyscanner.com,Take the official airport express bus or taxi directly to city center.,
164,Porto-Novo,bus,Porto-Novo Central Bus Terminal,Intercity bus terminal with connections across Benin,https://www.flixbus.com,Local city bus or taxi service available outside the terminal.,
165,Alibori,plane,Alibori International Airport,Main airport connecting Alibori to international destinations,https://www.skyscanner.com,Take the official airport express bus or taxi directly to city center.,
166,Alibori,bus,Alibori Central Bus Terminal,Intercity bus terminal with connections across Benin,https://www.flixbus.com,Local city bus or taxi service available outside the terminal.,
167,Atakora,plane,Atakora International Airport,Main airport connecting Atakora to international destinations,https://www.skyscanner.com,Take the official airport express bus or taxi directly to city center.,
168,Atakora,bus,Atakora Central Bus Terminal,Intercity bus terminal with connections across Benin,https://www.flixbus.com,Local city bus or taxi service available outside the terminal.,
169,Atlantique,plane,Atlantique International Airport,Main airport connecting Atlantique to international destinations,https://www.skyscanner.com,Take the official airport express bus or taxi directly to city center.,
170,Atlantique,bus,Atlantique Central Bus Terminal,Intercity bus terminal with connections across Benin,https://www.flixbus.com,Local city bus or taxi service available outside the terminal.,
171,Hamilton,plane,Hamilton International Airport,Main airport connecting Hamilton to international destinations,https://www.skyscanner.com,Take the official airport express bus or taxi directly to city center.,
172,Hamilton,bus,Hamilton Central Bus Terminal,Intercity bus terminal with connections across Bermuda,https://www.flixbus.com,Local city bus or taxi service available outside the terminal.,
173,Devonshire,plane,Devonshire International Airport,Main airport connecting Devonshire to international destinations,https://www.skyscanner.com,Take the official airport express bus or taxi directly to city center.,
174,Devonshire,bus,Devonshire Central Bus Terminal,Intercity bus terminal with connections across Bermuda,https://www.flixbus.com,Local city bus or taxi service available outside the terminal.,
175,Paget,plane,Paget International Airport,Main airport connecting Paget to international destinations,https://www.skyscanner.com,Take the official airport express bus or taxi directly to city center.,
176,Paget,bus,Paget Central Bus Terminal,Intercity bus terminal with connections across Bermuda,https://www.flixbus.com,Local city bus or taxi service available outside the terminal.,
177,Pembroke,plane,Pembroke International Airport,Main airport connecting Pembroke to international destinations,https://www.skyscanner.com,Take the official airport express bus or taxi directly to city center.,
178,Pembroke,bus,Pembroke Central Bus Terminal,Intercity bus terminal with connections across Bermuda,https://www.flixbus.com,Local city bus or taxi service available outside the terminal.,
179,Thimphu,plane,Thimphu International Airport,Main airport connecting Thimphu to international destinations,https://www.skyscanner.com,Take the official airport express bus or taxi directly to city center.,
180,Thimphu,bus,Thimphu Central Bus Terminal,Intercity bus terminal with connections across Bhutan,https://www.flixbus.com,Local city bus or taxi service available outside the terminal.,
181,Bumthang,plane,Bumthang International Airport,Main airport connecting Bumthang to international destinations,https://www.skyscanner.com,Take the official airport express bus or taxi directly to city center.,
182,Bumthang,bus,Bumthang Central Bus Terminal,Intercity bus terminal with connections across Bhutan,https://www.flixbus.com,Local city bus or taxi service available outside the terminal.,
183,Chukha,plane,Chukha International Airport,Main airport connecting Chukha to international destinations,https://www.skyscanner.com,Take the official airport express bus or taxi directly to city center.,
184,Chukha,bus,Chukha Central Bus Terminal,Intercity bus terminal with connections across Bhutan,https://www.flixbus.com,Local city bus or taxi service available outside the terminal.,
185,Dagana,plane,Dagana International Airport,Main airport connecting Dagana to international destinations,https://www.skyscanner.com,Take the official airport express bus or taxi directly to city center.,
186,Dagana,bus,Dagana Central Bus Terminal,Intercity bus terminal with connections across Bhutan,https://www.flixbus.com,Local city bus or taxi service available outside the terminal.,
187,Sucre,plane,Sucre International Airport,Main airport connecting Sucre to international destinations,https://www.skyscanner.com,Take the official airport express bus or taxi directly to city center.,
188,Sucre,bus,Sucre Central Bus Terminal,Intercity bus terminal with connections across Bolivia,https://www.flixbus.com,Local city bus or taxi service available outside the terminal.,
189,Anillo,plane,Anillo International Airport,Main airport connecting Anillo to international destinations,https://www.skyscanner.com,Take the official airport express bus or taxi directly to city center.,
190,Anillo,bus,Anillo Central Bus Terminal,Intercity bus terminal with connections across Bolivia,https://www.flixbus.com,Local city bus or taxi service available outside the terminal.,
191,Aroma,plane,Aroma International Airport,Main airport connecting Aroma to international destinations,https://www.skyscanner.com,Take the official airport express bus or taxi directly to city center.,
192,Aroma,bus,Aroma Central Bus Terminal,Intercity bus terminal with connections across Bolivia,https://www.flixbus.com,Local city bus or taxi service available outside the terminal.,
193,Bermejo,plane,Bermejo International Airport,Main airport connecting Bermejo to international destinations,https://www.skyscanner.com,Take the official airport express bus or taxi directly to city center.,
194,Bermejo,bus,Bermejo Central Bus Terminal,Intercity bus terminal with connections across Bolivia,https://www.flixbus.com,Local city bus or taxi service available outside the terminal.,
195,Sarajevo,plane,Sarajevo International Airport,Main airport connecting Sarajevo to international destinations,https://www.skyscanner.com,Take the official airport express bus or taxi directly to city center.,
196,Sarajevo,bus,Sarajevo Central Bus Terminal,Intercity bus terminal with connections across Bosnia and Herzegovina,https://www.flixbus.com,Local city bus or taxi service available outside the terminal.,
197,Banja,plane,Banja International Airport,Main airport connecting Banja to international destinations,https://www.skyscanner.com,Take the official airport express bus or taxi directly to city center.,
198,Banja,bus,Banja Central Bus Terminal,Intercity bus terminal with connections across Bosnia and Herzegovina,https://www.flixbus.com,Local city bus or taxi service available outside the terminal.,
199,Banja Luka,plane,Banja Luka International Airport,Main airport connecting Banja Luka to international destinations,https://www.skyscanner.com,Take the official airport express bus or taxi directly to city center.,
200,Banja Luka,bus,Banja Luka Central Bus Terminal,Intercity bus terminal with connections across Bosnia and Herzegovina,https://www.flixbus.com,Local city bus or taxi service available outside the terminal.,
201,Bijeljina,plane,Bijeljina International Airport,Main airport connecting Bijeljina to international destinations,https://www.skyscanner.com,Take the official airport express bus or taxi directly to city center.,
202,Bijeljina,bus,Bijeljina Central Bus Terminal,Intercity bus terminal with connections across Bosnia and Herzegovina,https://www.flixbus.com,Local city bus or taxi service available outside the terminal.,
203,Gaborone,plane,Gaborone International Airport,Main airport connecting Gaborone to international destinations,https://www.skyscanner.com,Take the official airport express bus or taxi directly to city center.,
204,Gaborone,bus,Gaborone Central Bus Terminal,Intercity bus terminal with connections across Botswana,https://www.flixbus.com,Local city bus or taxi service available outside the terminal.,
205,Francistown,plane,Francistown International Airport,Main airport connecting Francistown to international destinations,https://www.skyscanner.com,Take the official airport express bus or taxi directly to city center.,
206,Francistown,bus,Francistown Central Bus Terminal,Intercity bus terminal with connections across Botswana,https://www.flixbus.com,Local city bus or taxi service available outside the terminal.,
207,Orapa,plane,Orapa International Airport,Main airport connecting Orapa to international destinations,https://www.skyscanner.com,Take the official airport express bus or taxi directly to city center.,
208,Orapa,bus,Orapa Central Bus Terminal,Intercity bus terminal with connections across Botswana,https://www.flixbus.com,Local city bus or taxi service available outside the terminal.,
209,Serowe,plane,Serowe International Airport,Main airport connecting Serowe to international destinations,https://www.skyscanner.com,Take the official airport express bus or taxi directly to city center.,
210,Serowe,bus,Serowe Central Bus Terminal,Intercity bus terminal with connections across Botswana,https://www.flixbus.com,Local city bus or taxi service available outside the terminal.,
211,Brasília,plane,Brasília International Airport,Main airport connecting Brasília to international destinations,https://www.skyscanner.com,Take the official airport express bus or taxi directly to city center.,
212,Brasília,bus,Brasília Central Bus Terminal,Intercity bus terminal with connections across Brazil,https://www.flixbus.com,Local city bus or taxi service available outside the terminal.,
213,Abadiania,plane,Abadiania International Airport,Main airport connecting Abadiania to international destinations,https://www.skyscanner.com,Take the official airport express bus or taxi directly to city center.,
214,Abadiania,bus,Abadiania Central Bus Terminal,Intercity bus terminal with connections across Brazil,https://www.flixbus.com,Local city bus or taxi service available outside the terminal.,
215,Abaetetuba,plane,Abaetetuba International Airport,Main airport connecting Abaetetuba to international destinations,https://www.skyscanner.com,Take the official airport express bus or taxi directly to city center.,
216,Abaetetuba,bus,Abaetetuba Central Bus Terminal,Intercity bus terminal with connections across Brazil,https://www.flixbus.com,Local city bus or taxi service available outside the terminal.,
217,Abelardo Luz,plane,Abelardo Luz International Airport,Main airport connecting Abelardo Luz to international destinations,https://www.skyscanner.com,Take the official airport express bus or taxi directly to city center.,
218,Abelardo Luz,bus,Abelardo Luz Central Bus Terminal,Intercity bus terminal with connections across Brazil,https://www.flixbus.com,Local city bus or taxi service available outside the terminal.,
219,Diego Garcia,plane,Diego Garcia International Airport,Main airport connecting Diego Garcia to international destinations,https://www.skyscanner.com,Take the official airport express bus or taxi directly to city center.,
220,Diego Garcia,bus,Diego Garcia Central Bus Terminal,Intercity bus terminal with connections across British Indian Ocean Territory,https://www.flixbus.com,Local city bus or taxi service available outside the terminal.,
221,Carcasse,plane,Carcasse International Airport,Main airport connecting Carcasse to international destinations,https://www.skyscanner.com,Take the official airport express bus or taxi directly to city center.,
222,Carcasse,bus,Carcasse Central Bus Terminal,Intercity bus terminal with connections across British Indian Ocean Territory,https://www.flixbus.com,Local city bus or taxi service available outside the terminal.,
223,Downtown,plane,Downtown International Airport,Main airport connecting Downtown to international destinations,https://www.skyscanner.com,Take the official airport express bus or taxi directly to city center.,
224,Downtown,bus,Downtown Central Bus Terminal,Intercity bus terminal with connections across British Indian Ocean Territory,https://www.flixbus.com,Local city bus or taxi service available outside the terminal.,
225,East Point Settlement,plane,East Point Settlement International Airport,Main airport connecting East Point Settlement to international destinations,https://www.skyscanner.com,Take the official airport express bus or taxi directly to city center.,
226,East Point Settlement,bus,East Point Settlement Central Bus Terminal,Intercity bus terminal with connections across British Indian Ocean Territory,https://www.flixbus.com,Local city bus or taxi service available outside the terminal.,
227,Road Town,plane,Road Town International Airport,Main airport connecting Road Town to international destinations,https://www.skyscanner.com,Take the official airport express bus or taxi directly to city center.,
228,Road Town,bus,Road Town Central Bus Terminal,Intercity bus terminal with connections across British Virgin Islands,https://www.flixbus.com,Local city bus or taxi service available outside the terminal.,
229,Bandar Seri Begawan,plane,Bandar Seri Begawan International Airport,Main airport connecting Bandar Seri Begawan to international destinations,https://www.skyscanner.com,Take the official airport express bus or taxi directly to city center.,
230,Bandar Seri Begawan,bus,Bandar Seri Begawan Central Bus Terminal,Intercity bus terminal with connections across Brunei,https://www.flixbus.com,Local city bus or taxi service available outside the terminal.,
231,Bangar,plane,Bangar International Airport,Main airport connecting Bangar to international destinations,https://www.skyscanner.com,Take the official airport express bus or taxi directly to city center.,
232,Bangar,bus,Bangar Central Bus Terminal,Intercity bus terminal with connections across Brunei,https://www.flixbus.com,Local city bus or taxi service available outside the terminal.,
233,Kampong Jerudong,plane,Kampong Jerudong International Airport,Main airport connecting Kampong Jerudong to international destinations,https://www.skyscanner.com,Take the official airport express bus or taxi directly to city center.,
234,Kampong Jerudong,bus,Kampong Jerudong Central Bus Terminal,Intercity bus terminal with connections across Brunei,https://www.flixbus.com,Local city bus or taxi service available outside the terminal.,
235,Kuala Belait,plane,Kuala Belait International Airport,Main airport connecting Kuala Belait to international destinations,https://www.skyscanner.com,Take the official airport express bus or taxi directly to city center.,
236,Kuala Belait,bus,Kuala Belait Central Bus Terminal,Intercity bus terminal with connections across Brunei,https://www.flixbus.com,Local city bus or taxi service available outside the terminal.,
237,Sofia,plane,Sofia International Airport,Main airport connecting Sofia to international destinations,https://www.skyscanner.com,Take the official airport express bus or taxi directly to city center.,
238,Sofia,bus,Sofia Central Bus Terminal,Intercity bus terminal with connections across Bulgaria,https://www.flixbus.com,Local city bus or taxi service available outside the terminal.,
239,Akhtopol,plane,Akhtopol International Airport,Main airport connecting Akhtopol to international destinations,https://www.skyscanner.com,Take the official airport express bus or taxi directly to city center.,
240,Akhtopol,bus,Akhtopol Central Bus Terminal,Intercity bus terminal with connections across Bulgaria,https://www.flixbus.com,Local city bus or taxi service available outside the terminal.,
241,Aksakovo,plane,Aksakovo International Airport,Main airport connecting Aksakovo to international destinations,https://www.skyscanner.com,Take the official airport express bus or taxi directly to city center.,
242,Aksakovo,bus,Aksakovo Central Bus Terminal,Intercity bus terminal with connections across Bulgaria,https://www.flixbus.com,Local city bus or taxi service available outside the terminal.,
243,Aleksandriya,plane,Aleksandriya International Airport,Main airport connecting Aleksandriya to international destinations,https://www.skyscanner.com,Take the official airport express bus or taxi directly to city center.,
244,Aleksandriya,bus,Aleksandriya Central Bus Terminal,Intercity bus terminal with connections across Bulgaria,https://www.flixbus.com,Local city bus or taxi service available outside the terminal.,
245,Ouagadougou,plane,Ouagadougou International Airport,Main airport connecting Ouagadougou to international destinations,https://www.skyscanner.com,Take the official airport express bus or taxi directly to city center.,
246,Ouagadougou,bus,Ouagadougou Central Bus Terminal,Intercity bus terminal with connections across Burkina Faso,https://www.flixbus.com,Local city bus or taxi service available outside the terminal.,
247,Bale,plane,Bale International Airport,Main airport connecting Bale to international destinations,https://www.skyscanner.com,Take the official airport express bus or taxi directly to city center.,
248,Bale,bus,Bale Central Bus Terminal,Intercity bus terminal with connections across Burkina Faso,https://www.flixbus.com,Local city bus or taxi service available outside the terminal.,
249,Bam,plane,Bam International Airport,Main airport connecting Bam to international destinations,https://www.skyscanner.com,Take the official airport express bus or taxi directly to city center.,
250,Bam,bus,Bam Central Bus Terminal,Intercity bus terminal with connections across Burkina Faso,https://www.flixbus.com,Local city bus or taxi service available outside the terminal.,
251,Banwa,plane,Banwa International Airport,Main airport connecting Banwa to international destinations,https://www.skyscanner.com,Take the official airport express bus or taxi directly to city center.,
252,Banwa,bus,Banwa Central Bus Terminal,Intercity bus terminal with connections across Burkina Faso,https://www.flixbus.com,Local city bus or taxi service available outside the terminal.,
253,Gitega,plane,Gitega International Airport,Main airport connecting Gitega to international destinations,https://www.skyscanner.com,Take the official airport express bus or taxi directly to city center.,
254,Gitega,bus,Gitega Central Bus Terminal,Intercity bus terminal with connections across Burundi,https://www.flixbus.com,Local city bus or taxi service available outside the terminal.,
255,Bubanza,plane,Bubanza International Airport,Main airport connecting Bubanza to international destinations,https://www.skyscanner.com,Take the official airport express bus or taxi directly to city center.,
256,Bubanza,bus,Bubanza Central Bus Terminal,Intercity bus terminal with connections across Burundi,https://www.flixbus.com,Local city bus or taxi service available outside the terminal.,
257,Bujumbura Mairie,plane,Bujumbura Mairie International Airport,Main airport connecting Bujumbura Mairie to international destinations,https://www.skyscanner.com,Take the official airport express bus or taxi directly to city center.,
258,Bujumbura Mairie,bus,Bujumbura Mairie Central Bus Terminal,Intercity bus terminal with connections across Burundi,https://www.flixbus.com,Local city bus or taxi service available outside the terminal.,
259,Bujumbura Rural,plane,Bujumbura Rural International Airport,Main airport connecting Bujumbura Rural to international destinations,https://www.skyscanner.com,Take the official airport express bus or taxi directly to city center.,
260,Bujumbura Rural,bus,Bujumbura Rural Central Bus Terminal,Intercity bus terminal with connections across Burundi,https://www.flixbus.com,Local city bus or taxi service available outside the terminal.,
261,Phnom Penh,plane,Phnom Penh International Airport,Main airport connecting Phnom Penh to international destinations,https://www.skyscanner.com,Take the official airport express bus or taxi directly to city center.,
262,Phnom Penh,bus,Phnom Penh Central Bus Terminal,Intercity bus terminal with connections across Cambodia,https://www.flixbus.com,Local city bus or taxi service available outside the terminal.,
263,Moung Roessei,plane,Moung Roessei International Airport,Main airport connecting Moung Roessei to international destinations,https://www.skyscanner.com,Take the official airport express bus or taxi directly to city center.,
264,Moung Roessei,bus,Moung Roessei Central Bus Terminal,Intercity bus terminal with connections across Cambodia,https://www.flixbus.com,Local city bus or taxi service available outside the terminal.,
265,Phumi Boeng (1),plane,Phumi Boeng (1) International Airport,Main airport connecting Phumi Boeng (1) to international destinations,https://www.skyscanner.com,Take the official airport express bus or taxi directly to city center.,
266,Phumi Boeng (1),bus,Phumi Boeng (1) Central Bus Terminal,Intercity bus terminal with connections across Cambodia,https://www.flixbus.com,Local city bus or taxi service available outside the terminal.,
267,Phumi Chhuk,plane,Phumi Chhuk International Airport,Main airport connecting Phumi Chhuk to international destinations,https://www.skyscanner.com,Take the official airport express bus or taxi directly to city center.,
268,Phumi Chhuk,bus,Phumi Chhuk Central Bus Terminal,Intercity bus terminal with connections across Cambodia,https://www.flixbus.com,Local city bus or taxi service available outside the terminal.,
269,Yaoundé,plane,Yaoundé International Airport,Main airport connecting Yaoundé to international destinations,https://www.skyscanner.com,Take the official airport express bus or taxi directly to city center.,
270,Yaoundé,bus,Yaoundé Central Bus Terminal,Intercity bus terminal with connections across Cameroon,https://www.flixbus.com,Local city bus or taxi service available outside the terminal.,
271,Bafia,plane,Bafia International Airport,Main airport connecting Bafia to international destinations,https://www.skyscanner.com,Take the official airport express bus or taxi directly to city center.,
272,Bafia,bus,Bafia Central Bus Terminal,Intercity bus terminal with connections across Cameroon,https://www.flixbus.com,Local city bus or taxi service available outside the terminal.,
273,Bafoussam,plane,Bafoussam International Airport,Main airport connecting Bafoussam to international destinations,https://www.skyscanner.com,Take the official airport express bus or taxi directly to city center.,
274,Bafoussam,bus,Bafoussam Central Bus Terminal,Intercity bus terminal with connections across Cameroon,https://www.flixbus.com,Local city bus or taxi service available outside the terminal.,
275,Bamenda,plane,Bamenda International Airport,Main airport connecting Bamenda to international destinations,https://www.skyscanner.com,Take the official airport express bus or taxi directly to city center.,
276,Bamenda,bus,Bamenda Central Bus Terminal,Intercity bus terminal with connections across Cameroon,https://www.flixbus.com,Local city bus or taxi service available outside the terminal.,
277,Ottawa,plane,Ottawa International Airport,Main airport connecting Ottawa to international destinations,https://www.skyscanner.com,Take the official airport express bus or taxi directly to city center.,
278,Ottawa,bus,Ottawa Central Bus Terminal,Intercity bus terminal with connections across Canada,https://www.flixbus.com,Local city bus or taxi service available outside the terminal.,
279,100 Mile House,plane,100 Mile House International Airport,Main airport connecting 100 Mile House to international destinations,https://www.skyscanner.com,Take the official airport express bus or taxi directly to city center.,
280,100 Mile House,bus,100 Mile House Central Bus Terminal,Intercity bus terminal with connections across Canada,https://www.flixbus.com,Local city bus or taxi service available outside the terminal.,
281,Abbey,plane,Abbey International Airport,Main airport connecting Abbey to international destinations,https://www.skyscanner.com,Take the official airport express bus or taxi directly to city center.,
282,Abbey,bus,Abbey Central Bus Terminal,Intercity bus terminal with connections across Canada,https://www.flixbus.com,Local city bus or taxi service available outside the terminal.,
283,Abbotsford,plane,Abbotsford International Airport,Main airport connecting Abbotsford to international destinations,https://www.skyscanner.com,Take the official airport express bus or taxi directly to city center.,
284,Abbotsford,bus,Abbotsford Central Bus Terminal,Intercity bus terminal with connections across Canada,https://www.flixbus.com,Local city bus or taxi service available outside the terminal.,
285,Praia,plane,Praia International Airport,Main airport connecting Praia to international destinations,https://www.skyscanner.com,Take the official airport express bus or taxi directly to city center.,
286,Praia,bus,Praia Central Bus Terminal,Intercity bus terminal with connections across Cape Verde,https://www.flixbus.com,Local city bus or taxi service available outside the terminal.,
287,Mindelo,plane,Mindelo International Airport,Main airport connecting Mindelo to international destinations,https://www.skyscanner.com,Take the official airport express bus or taxi directly to city center.,
288,Mindelo,bus,Mindelo Central Bus Terminal,Intercity bus terminal with connections across Cape Verde,https://www.flixbus.com,Local city bus or taxi service available outside the terminal.,
289,Cidade Velha,plane,Cidade Velha International Airport,Main airport connecting Cidade Velha to international destinations,https://www.skyscanner.com,Take the official airport express bus or taxi directly to city center.,
290,Cidade Velha,bus,Cidade Velha Central Bus Terminal,Intercity bus terminal with connections across Cape Verde,https://www.flixbus.com,Local city bus or taxi service available outside the terminal.,
291,Espargos,plane,Espargos International Airport,Main airport connecting Espargos to international destinations,https://www.skyscanner.com,Take the official airport express bus or taxi directly to city center.,
292,Espargos,bus,Espargos Central Bus Terminal,Intercity bus terminal with connections across Cape Verde,https://www.flixbus.com,Local city bus or taxi service available outside the terminal.,
293,Kralendijk,plane,Kralendijk International Airport,Main airport connecting Kralendijk to international destinations,https://www.skyscanner.com,Take the official airport express bus or taxi directly to city center.,
294,Kralendijk,bus,Kralendijk Central Bus Terminal,Intercity bus terminal with connections across Caribbean Netherlands,https://www.flixbus.com,Local city bus or taxi service available outside the terminal.,
295,George Town,plane,George Town International Airport,Main airport connecting George Town to international destinations,https://www.skyscanner.com,Take the official airport express bus or taxi directly to city center.,
296,George Town,bus,George Town Central Bus Terminal,Intercity bus terminal with connections across Cayman Islands,https://www.flixbus.com,Local city bus or taxi service available outside the terminal.,
297,Bodden Town,plane,Bodden Town International Airport,Main airport connecting Bodden Town to international destinations,https://www.skyscanner.com,Take the official airport express bus or taxi directly to city center.,
298,Bodden Town,bus,Bodden Town Central Bus Terminal,Intercity bus terminal with connections across Cayman Islands,https://www.flixbus.com,Local city bus or taxi service available outside the terminal.,
299,Coral Gables,plane,Coral Gables International Airport,Main airport connecting Coral Gables to international destinations,https://www.skyscanner.com,Take the official airport express bus or taxi directly to city center.,
300,Coral Gables,bus,Coral Gables Central Bus Terminal,Intercity bus terminal with connections across Cayman Islands,https://www.flixbus.com,Local city bus or taxi service available outside the terminal.,
301,Newlands,plane,Newlands International Airport,Main airport connecting Newlands to international destinations,https://www.skyscanner.com,Take the official airport express bus or taxi directly to city center.,
302,Newlands,bus,Newlands Central Bus Terminal,Intercity bus terminal with connections across Cayman Islands,https://www.flixbus.com,Local city bus or taxi service available outside the terminal.,
303,Bangui,plane,Bangui International Airport,Main airport connecting Bangui to international destinations,https://www.skyscanner.com,Take the official airport express bus or taxi directly to city center.,
304,Bangui,bus,Bangui Central Bus Terminal,Intercity bus terminal with connections across Central African Republic,https://www.flixbus.com,Local city bus or taxi service available outside the terminal.,
305,Bamingui-Bangoran,plane,Bamingui-Bangoran International Airport,Main airport connecting Bamingui-Bangoran to international destinations,https://www.skyscanner.com,Take the official airport express bus or taxi directly to city center.,
306,Bamingui-Bangoran,bus,Bamingui-Bangoran Central Bus Terminal,Intercity bus terminal with connections across Central African Republic,https://www.flixbus.com,Local city bus or taxi service available outside the terminal.,
307,Basse-Kotto,plane,Basse-Kotto International Airport,Main airport connecting Basse-Kotto to international destinations,https://www.skyscanner.com,Take the official airport express bus or taxi directly to city center.,
308,Basse-Kotto,bus,Basse-Kotto Central Bus Terminal,Intercity bus terminal with connections across Central African Republic,https://www.flixbus.com,Local city bus or taxi service available outside the terminal.,
309,Haute-Kotto,plane,Haute-Kotto International Airport,Main airport connecting Haute-Kotto to international destinations,https://www.skyscanner.com,Take the official airport express bus or taxi directly to city center.,
310,Haute-Kotto,bus,Haute-Kotto Central Bus Terminal,Intercity bus terminal with connections across Central African Republic,https://www.flixbus.com,Local city bus or taxi service available outside the terminal.,
311,N'Djamena,plane,N'Djamena International Airport,Main airport connecting N'Djamena to international destinations,https://www.skyscanner.com,Take the official airport express bus or taxi directly to city center.,
312,N'Djamena,bus,N'Djamena Central Bus Terminal,Intercity bus terminal with connections across Chad,https://www.flixbus.com,Local city bus or taxi service available outside the terminal.,
313,Batha,plane,Batha International Airport,Main airport connecting Batha to international destinations,https://www.skyscanner.com,Take the official airport express bus or taxi directly to city center.,
314,Batha,bus,Batha Central Bus Terminal,Intercity bus terminal with connections across Chad,https://www.flixbus.com,Local city bus or taxi service available outside the terminal.,
315,Biltine,plane,Biltine International Airport,Main airport connecting Biltine to international destinations,https://www.skyscanner.com,Take the official airport express bus or taxi directly to city center.,
316,Biltine,bus,Biltine Central Bus Terminal,Intercity bus terminal with connections across Chad,https://www.flixbus.com,Local city bus or taxi service available outside the terminal.,
317,Borkou-Ennedi-Tibesti,plane,Borkou-Ennedi-Tibesti International Airport,Main airport connecting Borkou-Ennedi-Tibesti to international destinations,https://www.skyscanner.com,Take the official airport express bus or taxi directly to city center.,
318,Borkou-Ennedi-Tibesti,bus,Borkou-Ennedi-Tibesti Central Bus Terminal,Intercity bus terminal with connections across Chad,https://www.flixbus.com,Local city bus or taxi service available outside the terminal.,
319,Santiago,plane,Santiago International Airport,Main airport connecting Santiago to international destinations,https://www.skyscanner.com,Take the official airport express bus or taxi directly to city center.,
320,Santiago,bus,Santiago Central Bus Terminal,Intercity bus terminal with connections across Chile,https://www.flixbus.com,Local city bus or taxi service available outside the terminal.,
321,Algarrobo,plane,Algarrobo International Airport,Main airport connecting Algarrobo to international destinations,https://www.skyscanner.com,Take the official airport express bus or taxi directly to city center.,
322,Algarrobo,bus,Algarrobo Central Bus Terminal,Intercity bus terminal with connections across Chile,https://www.flixbus.com,Local city bus or taxi service available outside the terminal.,
323,Alto Hospicio,plane,Alto Hospicio International Airport,Main airport connecting Alto Hospicio to international destinations,https://www.skyscanner.com,Take the official airport express bus or taxi directly to city center.,
324,Alto Hospicio,bus,Alto Hospicio Central Bus Terminal,Intercity bus terminal with connections across Chile,https://www.flixbus.com,Local city bus or taxi service available outside the terminal.,
325,Angol,plane,Angol International Airport,Main airport connecting Angol to international destinations,https://www.skyscanner.com,Take the official airport express bus or taxi directly to city center.,
326,Angol,bus,Angol Central Bus Terminal,Intercity bus terminal with connections across Chile,https://www.flixbus.com,Local city bus or taxi service available outside the terminal.,
327,Beijing,plane,Beijing International Airport,Main airport connecting Beijing to international destinations,https://www.skyscanner.com,Take the official airport express bus or taxi directly to city center.,
328,Beijing,bus,Beijing Central Bus Terminal,Intercity bus terminal with connections across China,https://www.flixbus.com,Local city bus or taxi service available outside the terminal.,
329,Aishang,plane,Aishang International Airport,Main airport connecting Aishang to international destinations,https://www.skyscanner.com,Take the official airport express bus or taxi directly to city center.,
330,Aishang,bus,Aishang Central Bus Terminal,Intercity bus terminal with connections across China,https://www.flixbus.com,Local city bus or taxi service available outside the terminal.,
331,Aizhou,plane,Aizhou International Airport,Main airport connecting Aizhou to international destinations,https://www.skyscanner.com,Take the official airport express bus or taxi directly to city center.,
332,Aizhou,bus,Aizhou Central Bus Terminal,Intercity bus terminal with connections across China,https://www.flixbus.com,Local city bus or taxi service available outside the terminal.,
333,Aksu,plane,Aksu International Airport,Main airport connecting Aksu to international destinations,https://www.skyscanner.com,Take the official airport express bus or taxi directly to city center.,
334,Aksu,bus,Aksu Central Bus Terminal,Intercity bus terminal with connections across China,https://www.flixbus.com,Local city bus or taxi service available outside the terminal.,
335,Flying Fish Cove,plane,Flying Fish Cove International Airport,Main airport connecting Flying Fish Cove to international destinations,https://www.skyscanner.com,Take the official airport express bus or taxi directly to city center.,
336,Flying Fish Cove,bus,Flying Fish Cove Central Bus Terminal,Intercity bus terminal with connections across Christmas Island,https://www.flixbus.com,Local city bus or taxi service available outside the terminal.,
337,Drumsite (settlement),plane,Drumsite (settlement) International Airport,Main airport connecting Drumsite (settlement) to international destinations,https://www.skyscanner.com,Take the official airport express bus or taxi directly to city center.,
338,Drumsite (settlement),bus,Drumsite (settlement) Central Bus Terminal,Intercity bus terminal with connections across Christmas Island,https://www.flixbus.com,Local city bus or taxi service available outside the terminal.,
339,Flying Fish Cove (settlement),plane,Flying Fish Cove (settlement) International Airport,Main airport connecting Flying Fish Cove (settlement) to international destinations,https://www.skyscanner.com,Take the official airport express bus or taxi directly to city center.,
340,Flying Fish Cove (settlement),bus,Flying Fish Cove (settlement) Central Bus Terminal,Intercity bus terminal with connections across Christmas Island,https://www.flixbus.com,Local city bus or taxi service available outside the terminal.,
341,Poon Saan (settlement),plane,Poon Saan (settlement) International Airport,Main airport connecting Poon Saan (settlement) to international destinations,https://www.skyscanner.com,Take the official airport express bus or taxi directly to city center.,
342,Poon Saan (settlement),bus,Poon Saan (settlement) Central Bus Terminal,Intercity bus terminal with connections across Christmas Island,https://www.flixbus.com,Local city bus or taxi service available outside the terminal.,
343,West Island,plane,West Island International Airport,Main airport connecting West Island to international destinations,https://www.skyscanner.com,Take the official airport express bus or taxi directly to city center.,
344,West Island,bus,West Island Central Bus Terminal,Intercity bus terminal with connections across Cocos (Keeling) Islands,https://www.flixbus.com,Local city bus or taxi service available outside the terminal.,
345,Bantam (settlement),plane,Bantam (settlement) International Airport,Main airport connecting Bantam (settlement) to international destinations,https://www.skyscanner.com,Take the official airport express bus or taxi directly to city center.,
346,Bantam (settlement),bus,Bantam (settlement) Central Bus Terminal,Intercity bus terminal with connections across Cocos (Keeling) Islands,https://www.flixbus.com,Local city bus or taxi service available outside the terminal.,
347,West Island (island),plane,West Island (island) International Airport,Main airport connecting West Island (island) to international destinations,https://www.skyscanner.com,Take the official airport express bus or taxi directly to city center.,
348,West Island (island),bus,West Island (island) Central Bus Terminal,Intercity bus terminal with connections across Cocos (Keeling) Islands,https://www.flixbus.com,Local city bus or taxi service available outside the terminal.,
349,Bogotá,plane,Bogotá International Airport,Main airport connecting Bogotá to international destinations,https://www.skyscanner.com,Take the official airport express bus or taxi directly to city center.,
350,Bogotá,bus,Bogotá Central Bus Terminal,Intercity bus terminal with connections across Colombia,https://www.flixbus.com,Local city bus or taxi service available outside the terminal.,
351,Acacias,plane,Acacias International Airport,Main airport connecting Acacias to international destinations,https://www.skyscanner.com,Take the official airport express bus or taxi directly to city center.,
352,Acacias,bus,Acacias Central Bus Terminal,Intercity bus terminal with connections across Colombia,https://www.flixbus.com,Local city bus or taxi service available outside the terminal.,
353,Acevedo,plane,Acevedo International Airport,Main airport connecting Acevedo to international destinations,https://www.skyscanner.com,Take the official airport express bus or taxi directly to city center.,
354,Acevedo,bus,Acevedo Central Bus Terminal,Intercity bus terminal with connections across Colombia,https://www.flixbus.com,Local city bus or taxi service available outside the terminal.,
355,Aguachica,plane,Aguachica International Airport,Main airport connecting Aguachica to international destinations,https://www.skyscanner.com,Take the official airport express bus or taxi directly to city center.,
356,Aguachica,bus,Aguachica Central Bus Terminal,Intercity bus terminal with connections across Colombia,https://www.flixbus.com,Local city bus or taxi service available outside the terminal.,
357,Moroni,plane,Moroni International Airport,Main airport connecting Moroni to international destinations,https://www.skyscanner.com,Take the official airport express bus or taxi directly to city center.,
358,Moroni,bus,Moroni Central Bus Terminal,Intercity bus terminal with connections across Comoros,https://www.flixbus.com,Local city bus or taxi service available outside the terminal.,
359,Grande Comore (Njazidja),plane,Grande Comore (Njazidja) International Airport,Main airport connecting Grande Comore (Njazidja) to international destinations,https://www.skyscanner.com,Take the official airport express bus or taxi directly to city center.,
360,Grande Comore (Njazidja),bus,Grande Comore (Njazidja) Central Bus Terminal,Intercity bus terminal with connections across Comoros,https://www.flixbus.com,Local city bus or taxi service available outside the terminal.,
361,Anjouan (Nzwani),plane,Anjouan (Nzwani) International Airport,Main airport connecting Anjouan (Nzwani) to international destinations,https://www.skyscanner.com,Take the official airport express bus or taxi directly to city center.,
362,Anjouan (Nzwani),bus,Anjouan (Nzwani) Central Bus Terminal,Intercity bus terminal with connections across Comoros,https://www.flixbus.com,Local city bus or taxi service available outside the terminal.,
363,Moheli (Mwali),plane,Moheli (Mwali) International Airport,Main airport connecting Moheli (Mwali) to international destinations,https://www.skyscanner.com,Take the official airport express bus or taxi directly to city center.,
364,Moheli (Mwali),bus,Moheli (Mwali) Central Bus Terminal,Intercity bus terminal with connections across Comoros,https://www.flixbus.com,Local city bus or taxi service available outside the terminal.,
365,Brazzaville,plane,Brazzaville International Airport,Main airport connecting Brazzaville to international destinations,https://www.skyscanner.com,Take the official airport express bus or taxi directly to city center.,
366,Brazzaville,bus,Brazzaville Central Bus Terminal,Intercity bus terminal with connections across Congo,https://www.flixbus.com,Local city bus or taxi service available outside the terminal.,
367,Banana,plane,Banana International Airport,Main airport connecting Banana to international destinations,https://www.skyscanner.com,Take the official airport express bus or taxi directly to city center.,
368,Banana,bus,Banana Central Bus Terminal,Intercity bus terminal with connections across Congo,https://www.flixbus.com,Local city bus or taxi service available outside the terminal.,
369,Goma,plane,Goma International Airport,Main airport connecting Goma to international destinations,https://www.skyscanner.com,Take the official airport express bus or taxi directly to city center.,
370,Goma,bus,Goma Central Bus Terminal,Intercity bus terminal with connections across Congo,https://www.flixbus.com,Local city bus or taxi service available outside the terminal.,
371,Kinshasa,plane,Kinshasa International Airport,Main airport connecting Kinshasa to international destinations,https://www.skyscanner.com,Take the official airport express bus or taxi directly to city center.,
372,Kinshasa,bus,Kinshasa Central Bus Terminal,Intercity bus terminal with connections across Congo,https://www.flixbus.com,Local city bus or taxi service available outside the terminal.,
373,Avarua,plane,Avarua International Airport,Main airport connecting Avarua to international destinations,https://www.skyscanner.com,Take the official airport express bus or taxi directly to city center.,
374,Avarua,bus,Avarua Central Bus Terminal,Intercity bus terminal with connections across Cook Islands,https://www.flixbus.com,Local city bus or taxi service available outside the terminal.,
375,Amuri,plane,Amuri International Airport,Main airport connecting Amuri to international destinations,https://www.skyscanner.com,Take the official airport express bus or taxi directly to city center.,
376,Amuri,bus,Amuri Central Bus Terminal,Intercity bus terminal with connections across Cook Islands,https://www.flixbus.com,Local city bus or taxi service available outside the terminal.,
377,Arutanga,plane,Arutanga International Airport,Main airport connecting Arutanga to international destinations,https://www.skyscanner.com,Take the official airport express bus or taxi directly to city center.,
378,Arutanga,bus,Arutanga Central Bus Terminal,Intercity bus terminal with connections across Cook Islands,https://www.flixbus.com,Local city bus or taxi service available outside the terminal.,
379,Avatiu,plane,Avatiu International Airport,Main airport connecting Avatiu to international destinations,https://www.skyscanner.com,Take the official airport express bus or taxi directly to city center.,
380,Avatiu,bus,Avatiu Central Bus Terminal,Intercity bus terminal with connections across Cook Islands,https://www.flixbus.com,Local city bus or taxi service available outside the terminal.,
381,San José,plane,San José International Airport,Main airport connecting San José to international destinations,https://www.skyscanner.com,Take the official airport express bus or taxi directly to city center.,
382,San José,bus,San José Central Bus Terminal,Intercity bus terminal with connections across Costa Rica,https://www.flixbus.com,Local city bus or taxi service available outside the terminal.,
383,Alajuela,plane,Alajuela International Airport,Main airport connecting Alajuela to international destinations,https://www.skyscanner.com,Take the official airport express bus or taxi directly to city center.,
384,Alajuela,bus,Alajuela Central Bus Terminal,Intercity bus terminal with connections across Costa Rica,https://www.flixbus.com,Local city bus or taxi service available outside the terminal.,
385,Alajuelita,plane,Alajuelita International Airport,Main airport connecting Alajuelita to international destinations,https://www.skyscanner.com,Take the official airport express bus or taxi directly to city center.,
386,Alajuelita,bus,Alajuelita Central Bus Terminal,Intercity bus terminal with connections across Costa Rica,https://www.flixbus.com,Local city bus or taxi service available outside the terminal.,
387,Alfaro,plane,Alfaro International Airport,Main airport connecting Alfaro to international destinations,https://www.skyscanner.com,Take the official airport express bus or taxi directly to city center.,
388,Alfaro,bus,Alfaro Central Bus Terminal,Intercity bus terminal with connections across Costa Rica,https://www.flixbus.com,Local city bus or taxi service available outside the terminal.,
389,Zagreb,plane,Zagreb International Airport,Main airport connecting Zagreb to international destinations,https://www.skyscanner.com,Take the official airport express bus or taxi directly to city center.,
390,Zagreb,bus,Zagreb Central Bus Terminal,Intercity bus terminal with connections across Croatia,https://www.flixbus.com,Local city bus or taxi service available outside the terminal.,
391,Antunovac,plane,Antunovac International Airport,Main airport connecting Antunovac to international destinations,https://www.skyscanner.com,Take the official airport express bus or taxi directly to city center.,
392,Antunovac,bus,Antunovac Central Bus Terminal,Intercity bus terminal with connections across Croatia,https://www.flixbus.com,Local city bus or taxi service available outside the terminal.,
393,Baska,plane,Baska International Airport,Main airport connecting Baska to international destinations,https://www.skyscanner.com,Take the official airport express bus or taxi directly to city center.,
394,Baska,bus,Baska Central Bus Terminal,Intercity bus terminal with connections across Croatia,https://www.flixbus.com,Local city bus or taxi service available outside the terminal.,
395,Baska Voda,plane,Baska Voda International Airport,Main airport connecting Baska Voda to international destinations,https://www.skyscanner.com,Take the official airport express bus or taxi directly to city center.,
396,Baska Voda,bus,Baska Voda Central Bus Terminal,Intercity bus terminal with connections across Croatia,https://www.flixbus.com,Local city bus or taxi service available outside the terminal.,
397,Havana,plane,Havana International Airport,Main airport connecting Havana to international destinations,https://www.skyscanner.com,Take the official airport express bus or taxi directly to city center.,
398,Havana,bus,Havana Central Bus Terminal,Intercity bus terminal with connections across Cuba,https://www.flixbus.com,Local city bus or taxi service available outside the terminal.,
399,Bayamo,plane,Bayamo International Airport,Main airport connecting Bayamo to international destinations,https://www.skyscanner.com,Take the official airport express bus or taxi directly to city center.,
400,Bayamo,bus,Bayamo Central Bus Terminal,Intercity bus terminal with connections across Cuba,https://www.flixbus.com,Local city bus or taxi service available outside the terminal.,
401,Cienfuegos,plane,Cienfuegos International Airport,Main airport connecting Cienfuegos to international destinations,https://www.skyscanner.com,Take the official airport express bus or taxi directly to city center.,
402,Cienfuegos,bus,Cienfuegos Central Bus Terminal,Intercity bus terminal with connections across Cuba,https://www.flixbus.com,Local city bus or taxi service available outside the terminal.,
403,Habana,plane,Habana International Airport,Main airport connecting Habana to international destinations,https://www.skyscanner.com,Take the official airport express bus or taxi directly to city center.,
404,Habana,bus,Habana Central Bus Terminal,Intercity bus terminal with connections across Cuba,https://www.flixbus.com,Local city bus or taxi service available outside the terminal.,
405,Willemstad,plane,Willemstad International Airport,Main airport connecting Willemstad to international destinations,https://www.skyscanner.com,Take the official airport express bus or taxi directly to city center.,
406,Willemstad,bus,Willemstad Central Bus Terminal,Intercity bus terminal with connections across Curaçao,https://www.flixbus.com,Local city bus or taxi service available outside the terminal.,
407,Nicosia,plane,Nicosia International Airport,Main airport connecting Nicosia to international destinations,https://www.skyscanner.com,Take the official airport express bus or taxi directly to city center.,
408,Nicosia,bus,Nicosia Central Bus Terminal,Intercity bus terminal with connections across Cyprus,https://www.flixbus.com,Local city bus or taxi service available outside the terminal.,
409,Agia Anna,plane,Agia Anna International Airport,Main airport connecting Agia Anna to international destinations,https://www.skyscanner.com,Take the official airport express bus or taxi directly to city center.,
410,Agia Anna,bus,Agia Anna Central Bus Terminal,Intercity bus terminal with connections across Cyprus,https://www.flixbus.com,Local city bus or taxi service available outside the terminal.,
411,Aradippou,plane,Aradippou International Airport,Main airport connecting Aradippou to international destinations,https://www.skyscanner.com,Take the official airport express bus or taxi directly to city center.,
412,Aradippou,bus,Aradippou Central Bus Terminal,Intercity bus terminal with connections across Cyprus,https://www.flixbus.com,Local city bus or taxi service available outside the terminal.,
413,Ayia Marina,plane,Ayia Marina International Airport,Main airport connecting Ayia Marina to international destinations,https://www.skyscanner.com,Take the official airport express bus or taxi directly to city center.,
414,Ayia Marina,bus,Ayia Marina Central Bus Terminal,Intercity bus terminal with connections across Cyprus,https://www.flixbus.com,Local city bus or taxi service available outside the terminal.,
415,Prague,plane,Prague International Airport,Main airport connecting Prague to international destinations,https://www.skyscanner.com,Take the official airport express bus or taxi directly to city center.,
416,Prague,bus,Prague Central Bus Terminal,Intercity bus terminal with connections across Czechia,https://www.flixbus.com,Local city bus or taxi service available outside the terminal.,
417,Kinshasa,plane,Kinshasa International Airport,Main airport connecting Kinshasa to international destinations,https://www.skyscanner.com,Take the official airport express bus or taxi directly to city center.,
418,Kinshasa,bus,Kinshasa Central Bus Terminal,Intercity bus terminal with connections across DR Congo,https://www.flixbus.com,Local city bus or taxi service available outside the terminal.,
419,Copenhagen,plane,Copenhagen International Airport,Main airport connecting Copenhagen to international destinations,https://www.skyscanner.com,Take the official airport express bus or taxi directly to city center.,
420,Copenhagen,bus,Copenhagen Central Bus Terminal,Intercity bus terminal with connections across Denmark,https://www.flixbus.com,Local city bus or taxi service available outside the terminal.,
421,Aabenraa,plane,Aabenraa International Airport,Main airport connecting Aabenraa to international destinations,https://www.skyscanner.com,Take the official airport express bus or taxi directly to city center.,
422,Aabenraa,bus,Aabenraa Central Bus Terminal,Intercity bus terminal with connections across Denmark,https://www.flixbus.com,Local city bus or taxi service available outside the terminal.,
423,Aabybro,plane,Aabybro International Airport,Main airport connecting Aabybro to international destinations,https://www.skyscanner.com,Take the official airport express bus or taxi directly to city center.,
424,Aabybro,bus,Aabybro Central Bus Terminal,Intercity bus terminal with connections across Denmark,https://www.flixbus.com,Local city bus or taxi service available outside the terminal.,
425,Aalborg,plane,Aalborg International Airport,Main airport connecting Aalborg to international destinations,https://www.skyscanner.com,Take the official airport express bus or taxi directly to city center.,
426,Aalborg,bus,Aalborg Central Bus Terminal,Intercity bus terminal with connections across Denmark,https://www.flixbus.com,Local city bus or taxi service available outside the terminal.,
427,Djibouti,plane,Djibouti International Airport,Main airport connecting Djibouti to international destinations,https://www.skyscanner.com,Take the official airport express bus or taxi directly to city center.,
428,Djibouti,bus,Djibouti Central Bus Terminal,Intercity bus terminal with connections across Djibouti,https://www.flixbus.com,Local city bus or taxi service available outside the terminal.,
429,Ali Sabih,plane,Ali Sabih International Airport,Main airport connecting Ali Sabih to international destinations,https://www.skyscanner.com,Take the official airport express bus or taxi directly to city center.,
430,Ali Sabih,bus,Ali Sabih Central Bus Terminal,Intercity bus terminal with connections across Djibouti,https://www.flixbus.com,Local city bus or taxi service available outside the terminal.,
431,Dikhil,plane,Dikhil International Airport,Main airport connecting Dikhil to international destinations,https://www.skyscanner.com,Take the official airport express bus or taxi directly to city center.,
432,Dikhil,bus,Dikhil Central Bus Terminal,Intercity bus terminal with connections across Djibouti,https://www.flixbus.com,Local city bus or taxi service available outside the terminal.,
433,Obock,plane,Obock International Airport,Main airport connecting Obock to international destinations,https://www.skyscanner.com,Take the official airport express bus or taxi directly to city center.,
434,Obock,bus,Obock Central Bus Terminal,Intercity bus terminal with connections across Djibouti,https://www.flixbus.com,Local city bus or taxi service available outside the terminal.,
435,Roseau,plane,Roseau International Airport,Main airport connecting Roseau to international destinations,https://www.skyscanner.com,Take the official airport express bus or taxi directly to city center.,
436,Roseau,bus,Roseau Central Bus Terminal,Intercity bus terminal with connections across Dominica,https://www.flixbus.com,Local city bus or taxi service available outside the terminal.,
437,Saint Andrew,plane,Saint Andrew International Airport,Main airport connecting Saint Andrew to international destinations,https://www.skyscanner.com,Take the official airport express bus or taxi directly to city center.,
438,Saint Andrew,bus,Saint Andrew Central Bus Terminal,Intercity bus terminal with connections across Dominica,https://www.flixbus.com,Local city bus or taxi service available outside the terminal.,
439,Saint David,plane,Saint David International Airport,Main airport connecting Saint David to international destinations,https://www.skyscanner.com,Take the official airport express bus or taxi directly to city center.,
440,Saint David,bus,Saint David Central Bus Terminal,Intercity bus terminal with connections across Dominica,https://www.flixbus.com,Local city bus or taxi service available outside the terminal.,
441,Saint George,plane,Saint George International Airport,Main airport connecting Saint George to international destinations,https://www.skyscanner.com,Take the official airport express bus or taxi directly to city center.,
442,Saint George,bus,Saint George Central Bus Terminal,Intercity bus terminal with connections across Dominica,https://www.flixbus.com,Local city bus or taxi service available outside the terminal.,
443,Santo Domingo,plane,Santo Domingo International Airport,Main airport connecting Santo Domingo to international destinations,https://www.skyscanner.com,Take the official airport express bus or taxi directly to city center.,
444,Santo Domingo,bus,Santo Domingo Central Bus Terminal,Intercity bus terminal with connections across Dominican Republic,https://www.flixbus.com,Local city bus or taxi service available outside the terminal.,
445,Arenazo,plane,Arenazo International Airport,Main airport connecting Arenazo to international destinations,https://www.skyscanner.com,Take the official airport express bus or taxi directly to city center.,
446,Arenazo,bus,Arenazo Central Bus Terminal,Intercity bus terminal with connections across Dominican Republic,https://www.flixbus.com,Local city bus or taxi service available outside the terminal.,
447,Bavaro,plane,Bavaro International Airport,Main airport connecting Bavaro to international destinations,https://www.skyscanner.com,Take the official airport express bus or taxi directly to city center.,
448,Bavaro,bus,Bavaro Central Bus Terminal,Intercity bus terminal with connections across Dominican Republic,https://www.flixbus.com,Local city bus or taxi service available outside the terminal.,
449,Boca Chica,plane,Boca Chica International Airport,Main airport connecting Boca Chica to international destinations,https://www.skyscanner.com,Take the official airport express bus or taxi directly to city center.,
450,Boca Chica,bus,Boca Chica Central Bus Terminal,Intercity bus terminal with connections across Dominican Republic,https://www.flixbus.com,Local city bus or taxi service available outside the terminal.,
451,Quito,plane,Quito International Airport,Main airport connecting Quito to international destinations,https://www.skyscanner.com,Take the official airport express bus or taxi directly to city center.,
452,Quito,bus,Quito Central Bus Terminal,Intercity bus terminal with connections across Ecuador,https://www.flixbus.com,Local city bus or taxi service available outside the terminal.,
453,Ambato,plane,Ambato International Airport,Main airport connecting Ambato to international destinations,https://www.skyscanner.com,Take the official airport express bus or taxi directly to city center.,
454,Ambato,bus,Ambato Central Bus Terminal,Intercity bus terminal with connections across Ecuador,https://www.flixbus.com,Local city bus or taxi service available outside the terminal.,
455,Atacames,plane,Atacames International Airport,Main airport connecting Atacames to international destinations,https://www.skyscanner.com,Take the official airport express bus or taxi directly to city center.,
456,Atacames,bus,Atacames Central Bus Terminal,Intercity bus terminal with connections across Ecuador,https://www.flixbus.com,Local city bus or taxi service available outside the terminal.,
457,Atuntaqui,plane,Atuntaqui International Airport,Main airport connecting Atuntaqui to international destinations,https://www.skyscanner.com,Take the official airport express bus or taxi directly to city center.,
458,Atuntaqui,bus,Atuntaqui Central Bus Terminal,Intercity bus terminal with connections across Ecuador,https://www.flixbus.com,Local city bus or taxi service available outside the terminal.,
459,Cairo,plane,Cairo International Airport,Main airport connecting Cairo to international destinations,https://www.skyscanner.com,Take the official airport express bus or taxi directly to city center.,
460,Cairo,bus,Cairo Central Bus Terminal,Intercity bus terminal with connections across Egypt,https://www.flixbus.com,Local city bus or taxi service available outside the terminal.,
461,Alexandria,plane,Alexandria International Airport,Main airport connecting Alexandria to international destinations,https://www.skyscanner.com,Take the official airport express bus or taxi directly to city center.,
462,Alexandria,bus,Alexandria Central Bus Terminal,Intercity bus terminal with connections across Egypt,https://www.flixbus.com,Local city bus or taxi service available outside the terminal.,
463,Luxor,plane,Luxor International Airport,Main airport connecting Luxor to international destinations,https://www.skyscanner.com,Take the official airport express bus or taxi directly to city center.,
464,Luxor,bus,Luxor Central Bus Terminal,Intercity bus terminal with connections across Egypt,https://www.flixbus.com,Local city bus or taxi service available outside the terminal.,
465,San Salvador,plane,San Salvador International Airport,Main airport connecting San Salvador to international destinations,https://www.skyscanner.com,Take the official airport express bus or taxi directly to city center.,
466,San Salvador,bus,San Salvador Central Bus Terminal,Intercity bus terminal with connections across El Salvador,https://www.flixbus.com,Local city bus or taxi service available outside the terminal.,
467,Ahuachapan,plane,Ahuachapan International Airport,Main airport connecting Ahuachapan to international destinations,https://www.skyscanner.com,Take the official airport express bus or taxi directly to city center.,
468,Ahuachapan,bus,Ahuachapan Central Bus Terminal,Intercity bus terminal with connections across El Salvador,https://www.flixbus.com,Local city bus or taxi service available outside the terminal.,
469,Antiguo Cuscatlan,plane,Antiguo Cuscatlan International Airport,Main airport connecting Antiguo Cuscatlan to international destinations,https://www.skyscanner.com,Take the official airport express bus or taxi directly to city center.,
470,Antiguo Cuscatlan,bus,Antiguo Cuscatlan Central Bus Terminal,Intercity bus terminal with connections across El Salvador,https://www.flixbus.com,Local city bus or taxi service available outside the terminal.,
471,Apaneca,plane,Apaneca International Airport,Main airport connecting Apaneca to international destinations,https://www.skyscanner.com,Take the official airport express bus or taxi directly to city center.,
472,Apaneca,bus,Apaneca Central Bus Terminal,Intercity bus terminal with connections across El Salvador,https://www.flixbus.com,Local city bus or taxi service available outside the terminal.,
473,Malabo,plane,Malabo International Airport,Main airport connecting Malabo to international destinations,https://www.skyscanner.com,Take the official airport express bus or taxi directly to city center.,
474,Malabo,bus,Malabo Central Bus Terminal,Intercity bus terminal with connections across Equatorial Guinea,https://www.flixbus.com,Local city bus or taxi service available outside the terminal.,
475,Annobon,plane,Annobon International Airport,Main airport connecting Annobon to international destinations,https://www.skyscanner.com,Take the official airport express bus or taxi directly to city center.,
476,Annobon,bus,Annobon Central Bus Terminal,Intercity bus terminal with connections across Equatorial Guinea,https://www.flixbus.com,Local city bus or taxi service available outside the terminal.,
477,Bioko Norte,plane,Bioko Norte International Airport,Main airport connecting Bioko Norte to international destinations,https://www.skyscanner.com,Take the official airport express bus or taxi directly to city center.,
478,Bioko Norte,bus,Bioko Norte Central Bus Terminal,Intercity bus terminal with connections across Equatorial Guinea,https://www.flixbus.com,Local city bus or taxi service available outside the terminal.,
479,Bioko Sur,plane,Bioko Sur International Airport,Main airport connecting Bioko Sur to international destinations,https://www.skyscanner.com,Take the official airport express bus or taxi directly to city center.,
480,Bioko Sur,bus,Bioko Sur Central Bus Terminal,Intercity bus terminal with connections across Equatorial Guinea,https://www.flixbus.com,Local city bus or taxi service available outside the terminal.,
481,Asmara,plane,Asmara International Airport,Main airport connecting Asmara to international destinations,https://www.skyscanner.com,Take the official airport express bus or taxi directly to city center.,
482,Asmara,bus,Asmara Central Bus Terminal,Intercity bus terminal with connections across Eritrea,https://www.flixbus.com,Local city bus or taxi service available outside the terminal.,
483,Anseba,plane,Anseba International Airport,Main airport connecting Anseba to international destinations,https://www.skyscanner.com,Take the official airport express bus or taxi directly to city center.,
484,Anseba,bus,Anseba Central Bus Terminal,Intercity bus terminal with connections across Eritrea,https://www.flixbus.com,Local city bus or taxi service available outside the terminal.,
485,Debub,plane,Debub International Airport,Main airport connecting Debub to international destinations,https://www.skyscanner.com,Take the official airport express bus or taxi directly to city center.,
486,Debub,bus,Debub Central Bus Terminal,Intercity bus terminal with connections across Eritrea,https://www.flixbus.com,Local city bus or taxi service available outside the terminal.,
487,Debubawi K'eyih Bahri,plane,Debubawi K'eyih Bahri International Airport,Main airport connecting Debubawi K'eyih Bahri to international destinations,https://www.skyscanner.com,Take the official airport express bus or taxi directly to city center.,
488,Debubawi K'eyih Bahri,bus,Debubawi K'eyih Bahri Central Bus Terminal,Intercity bus terminal with connections across Eritrea,https://www.flixbus.com,Local city bus or taxi service available outside the terminal.,
489,Tallinn,plane,Tallinn International Airport,Main airport connecting Tallinn to international destinations,https://www.skyscanner.com,Take the official airport express bus or taxi directly to city center.,
490,Tallinn,bus,Tallinn Central Bus Terminal,Intercity bus terminal with connections across Estonia,https://www.flixbus.com,Local city bus or taxi service available outside the terminal.,
491,Aasmae,plane,Aasmae International Airport,Main airport connecting Aasmae to international destinations,https://www.skyscanner.com,Take the official airport express bus or taxi directly to city center.,
492,Aasmae,bus,Aasmae Central Bus Terminal,Intercity bus terminal with connections across Estonia,https://www.flixbus.com,Local city bus or taxi service available outside the terminal.,
493,Aaviku,plane,Aaviku International Airport,Main airport connecting Aaviku to international destinations,https://www.skyscanner.com,Take the official airport express bus or taxi directly to city center.,
494,Aaviku,bus,Aaviku Central Bus Terminal,Intercity bus terminal with connections across Estonia,https://www.flixbus.com,Local city bus or taxi service available outside the terminal.,
495,Aespa,plane,Aespa International Airport,Main airport connecting Aespa to international destinations,https://www.skyscanner.com,Take the official airport express bus or taxi directly to city center.,
496,Aespa,bus,Aespa Central Bus Terminal,Intercity bus terminal with connections across Estonia,https://www.flixbus.com,Local city bus or taxi service available outside the terminal.,
497,Lobamba,plane,Lobamba International Airport,Main airport connecting Lobamba to international destinations,https://www.skyscanner.com,Take the official airport express bus or taxi directly to city center.,
498,Lobamba,bus,Lobamba Central Bus Terminal,Intercity bus terminal with connections across Eswatini,https://www.flixbus.com,Local city bus or taxi service available outside the terminal.,
499,Addis Ababa,plane,Addis Ababa International Airport,Main airport connecting Addis Ababa to international destinations,https://www.skyscanner.com,Take the official airport express bus or taxi directly to city center.,
500,Addis Ababa,bus,Addis Ababa Central Bus Terminal,Intercity bus terminal with connections across Ethiopia,https://www.flixbus.com,Local city bus or taxi service available outside the terminal.,
501,Afar,plane,Afar International Airport,Main airport connecting Afar to international destinations,https://www.skyscanner.com,Take the official airport express bus or taxi directly to city center.,
502,Afar,bus,Afar Central Bus Terminal,Intercity bus terminal with connections across Ethiopia,https://www.flixbus.com,Local city bus or taxi service available outside the terminal.,
503,Amhara,plane,Amhara International Airport,Main airport connecting Amhara to international destinations,https://www.skyscanner.com,Take the official airport express bus or taxi directly to city center.,
504,Amhara,bus,Amhara Central Bus Terminal,Intercity bus terminal with connections across Ethiopia,https://www.flixbus.com,Local city bus or taxi service available outside the terminal.,
505,Binshangul Gumuz,plane,Binshangul Gumuz International Airport,Main airport connecting Binshangul Gumuz to international destinations,https://www.skyscanner.com,Take the official airport express bus or taxi directly to city center.,
506,Binshangul Gumuz,bus,Binshangul Gumuz Central Bus Terminal,Intercity bus terminal with connections across Ethiopia,https://www.flixbus.com,Local city bus or taxi service available outside the terminal.,
507,Stanley,plane,Stanley International Airport,Main airport connecting Stanley to international destinations,https://www.skyscanner.com,Take the official airport express bus or taxi directly to city center.,
508,Stanley,bus,Stanley Central Bus Terminal,Intercity bus terminal with connections across Falkland Islands,https://www.flixbus.com,Local city bus or taxi service available outside the terminal.,
509,Ajax Bay,plane,Ajax Bay International Airport,Main airport connecting Ajax Bay to international destinations,https://www.skyscanner.com,Take the official airport express bus or taxi directly to city center.,
510,Ajax Bay,bus,Ajax Bay Central Bus Terminal,Intercity bus terminal with connections across Falkland Islands,https://www.flixbus.com,Local city bus or taxi service available outside the terminal.,
511,Beaver Settlement,plane,Beaver Settlement International Airport,Main airport connecting Beaver Settlement to international destinations,https://www.skyscanner.com,Take the official airport express bus or taxi directly to city center.,
512,Beaver Settlement,bus,Beaver Settlement Central Bus Terminal,Intercity bus terminal with connections across Falkland Islands,https://www.flixbus.com,Local city bus or taxi service available outside the terminal.,
513,Bluff Cove Settlement,plane,Bluff Cove Settlement International Airport,Main airport connecting Bluff Cove Settlement to international destinations,https://www.skyscanner.com,Take the official airport express bus or taxi directly to city center.,
514,Bluff Cove Settlement,bus,Bluff Cove Settlement Central Bus Terminal,Intercity bus terminal with connections across Falkland Islands,https://www.flixbus.com,Local city bus or taxi service available outside the terminal.,
515,Tórshavn,plane,Tórshavn International Airport,Main airport connecting Tórshavn to international destinations,https://www.skyscanner.com,Take the official airport express bus or taxi directly to city center.,
516,Tórshavn,bus,Tórshavn Central Bus Terminal,Intercity bus terminal with connections across Faroe Islands,https://www.flixbus.com,Local city bus or taxi service available outside the terminal.,
517,Argir,plane,Argir International Airport,Main airport connecting Argir to international destinations,https://www.skyscanner.com,Take the official airport express bus or taxi directly to city center.,
518,Argir,bus,Argir Central Bus Terminal,Intercity bus terminal with connections across Faroe Islands,https://www.flixbus.com,Local city bus or taxi service available outside the terminal.,
519,Glyvrar,plane,Glyvrar International Airport,Main airport connecting Glyvrar to international destinations,https://www.skyscanner.com,Take the official airport express bus or taxi directly to city center.,
520,Glyvrar,bus,Glyvrar Central Bus Terminal,Intercity bus terminal with connections across Faroe Islands,https://www.flixbus.com,Local city bus or taxi service available outside the terminal.,
521,Hvalba,plane,Hvalba International Airport,Main airport connecting Hvalba to international destinations,https://www.skyscanner.com,Take the official airport express bus or taxi directly to city center.,
522,Hvalba,bus,Hvalba Central Bus Terminal,Intercity bus terminal with connections across Faroe Islands,https://www.flixbus.com,Local city bus or taxi service available outside the terminal.,
523,Suva,plane,Suva International Airport,Main airport connecting Suva to international destinations,https://www.skyscanner.com,Take the official airport express bus or taxi directly to city center.,
524,Suva,bus,Suva Central Bus Terminal,Intercity bus terminal with connections across Fiji,https://www.flixbus.com,Local city bus or taxi service available outside the terminal.,
525,Central (Suva),plane,Central (Suva) International Airport,Main airport connecting Central (Suva) to international destinations,https://www.skyscanner.com,Take the official airport express bus or taxi directly to city center.,
526,Central (Suva),bus,Central (Suva) Central Bus Terminal,Intercity bus terminal with connections across Fiji,https://www.flixbus.com,Local city bus or taxi service available outside the terminal.,
527,Eastern (Levuka),plane,Eastern (Levuka) International Airport,Main airport connecting Eastern (Levuka) to international destinations,https://www.skyscanner.com,Take the official airport express bus or taxi directly to city center.,
528,Eastern (Levuka),bus,Eastern (Levuka) Central Bus Terminal,Intercity bus terminal with connections across Fiji,https://www.flixbus.com,Local city bus or taxi service available outside the terminal.,
529,Northern (Labasa),plane,Northern (Labasa) International Airport,Main airport connecting Northern (Labasa) to international destinations,https://www.skyscanner.com,Take the official airport express bus or taxi directly to city center.,
530,Northern (Labasa),bus,Northern (Labasa) Central Bus Terminal,Intercity bus terminal with connections across Fiji,https://www.flixbus.com,Local city bus or taxi service available outside the terminal.,
531,Helsinki,plane,Helsinki International Airport,Main airport connecting Helsinki to international destinations,https://www.skyscanner.com,Take the official airport express bus or taxi directly to city center.,
532,Helsinki,bus,Helsinki Central Bus Terminal,Intercity bus terminal with connections across Finland,https://www.flixbus.com,Local city bus or taxi service available outside the terminal.,
533,Aapajoki,plane,Aapajoki International Airport,Main airport connecting Aapajoki to international destinations,https://www.skyscanner.com,Take the official airport express bus or taxi directly to city center.,
534,Aapajoki,bus,Aapajoki Central Bus Terminal,Intercity bus terminal with connections across Finland,https://www.flixbus.com,Local city bus or taxi service available outside the terminal.,
535,Aavasaksa,plane,Aavasaksa International Airport,Main airport connecting Aavasaksa to international destinations,https://www.skyscanner.com,Take the official airport express bus or taxi directly to city center.,
536,Aavasaksa,bus,Aavasaksa Central Bus Terminal,Intercity bus terminal with connections across Finland,https://www.flixbus.com,Local city bus or taxi service available outside the terminal.,
537,Aitoo,plane,Aitoo International Airport,Main airport connecting Aitoo to international destinations,https://www.skyscanner.com,Take the official airport express bus or taxi directly to city center.,
538,Aitoo,bus,Aitoo Central Bus Terminal,Intercity bus terminal with connections across Finland,https://www.flixbus.com,Local city bus or taxi service available outside the terminal.,
539,Paris,plane,Charles de Gaulle Airport (CDG),Primary international airport,https://www.skyscanner.com,Take RER B train directly to Gare du Nord / Chatelet.,https://www.ratp.fr
540,Paris,plane,Orly Airport (ORY),Secondary airport close to city center,https://www.skyscanner.com,Take Orlyval train to RER B or Metro line 14.,https://www.ratp.fr
541,Paris,train,Gare du Nord,Major railway hub for Eurostar and TGV trains,https://www.trainline.com,Connected to Metro lines 4 and 5.,
542,Nice,plane,Nice International Airport,Main airport connecting Nice to international destinations,https://www.skyscanner.com,Take the official airport express bus or taxi directly to city center.,
543,Nice,bus,Nice Central Bus Terminal,Intercity bus terminal with connections across France,https://www.flixbus.com,Local city bus or taxi service available outside the terminal.,
544,Lyon,plane,Lyon International Airport,Main airport connecting Lyon to international destinations,https://www.skyscanner.com,Take the official airport express bus or taxi directly to city center.,
545,Lyon,bus,Lyon Central Bus Terminal,Intercity bus terminal with connections across France,https://www.flixbus.com,Local city bus or taxi service available outside the terminal.,
546,Marseille,plane,Marseille International Airport,Main airport connecting Marseille to international destinations,https://www.skyscanner.com,Take the official airport express bus or taxi directly to city center.,
547,Marseille,bus,Marseille Central Bus Terminal,Intercity bus terminal with connections across France,https://www.flixbus.com,Local city bus or taxi service available outside the terminal.,
548,Bordeaux,plane,Bordeaux International Airport,Main airport connecting Bordeaux to international destinations,https://www.skyscanner.com,Take the official airport express bus or taxi directly to city center.,
549,Bordeaux,bus,Bordeaux Central Bus Terminal,Intercity bus terminal with connections across France,https://www.flixbus.com,Local city bus or taxi service available outside the terminal.,
550,Cayenne,plane,Cayenne International Airport,Main airport connecting Cayenne to international destinations,https://www.skyscanner.com,Take the official airport express bus or taxi directly to city center.,
551,Cayenne,bus,Cayenne Central Bus Terminal,Intercity bus terminal with connections across French Guiana,https://www.flixbus.com,Local city bus or taxi service available outside the terminal.,
552,Papeetē,plane,Papeetē International Airport,Main airport connecting Papeetē to international destinations,https://www.skyscanner.com,Take the official airport express bus or taxi directly to city center.,
553,Papeetē,bus,Papeetē Central Bus Terminal,Intercity bus terminal with connections across French Polynesia,https://www.flixbus.com,Local city bus or taxi service available outside the terminal.,
554,Arue,plane,Arue International Airport,Main airport connecting Arue to international destinations,https://www.skyscanner.com,Take the official airport express bus or taxi directly to city center.,
555,Arue,bus,Arue Central Bus Terminal,Intercity bus terminal with connections across French Polynesia,https://www.flixbus.com,Local city bus or taxi service available outside the terminal.,
556,Faaa,plane,Faaa International Airport,Main airport connecting Faaa to international destinations,https://www.skyscanner.com,Take the official airport express bus or taxi directly to city center.,
557,Faaa,bus,Faaa Central Bus Terminal,Intercity bus terminal with connections across French Polynesia,https://www.flixbus.com,Local city bus or taxi service available outside the terminal.,
558,Mahina,plane,Mahina International Airport,Main airport connecting Mahina to international destinations,https://www.skyscanner.com,Take the official airport express bus or taxi directly to city center.,
559,Mahina,bus,Mahina Central Bus Terminal,Intercity bus terminal with connections across French Polynesia,https://www.flixbus.com,Local city bus or taxi service available outside the terminal.,
560,Port-aux-Français,plane,Port-aux-Français International Airport,Main airport connecting Port-aux-Français to international destinations,https://www.skyscanner.com,Take the official airport express bus or taxi directly to city center.,
561,Port-aux-Français,bus,Port-aux-Français Central Bus Terminal,Intercity bus terminal with connections across French Southern and Antarctic Lands,https://www.flixbus.com,Local city bus or taxi service available outside the terminal.,
562,Libreville,plane,Libreville International Airport,Main airport connecting Libreville to international destinations,https://www.skyscanner.com,Take the official airport express bus or taxi directly to city center.,
563,Libreville,bus,Libreville Central Bus Terminal,Intercity bus terminal with connections across Gabon,https://www.flixbus.com,Local city bus or taxi service available outside the terminal.,
564,Gamba,plane,Gamba International Airport,Main airport connecting Gamba to international destinations,https://www.skyscanner.com,Take the official airport express bus or taxi directly to city center.,
565,Gamba,bus,Gamba Central Bus Terminal,Intercity bus terminal with connections across Gabon,https://www.flixbus.com,Local city bus or taxi service available outside the terminal.,
566,Mamagnia,plane,Mamagnia International Airport,Main airport connecting Mamagnia to international destinations,https://www.skyscanner.com,Take the official airport express bus or taxi directly to city center.,
567,Mamagnia,bus,Mamagnia Central Bus Terminal,Intercity bus terminal with connections across Gabon,https://www.flixbus.com,Local city bus or taxi service available outside the terminal.,
568,Moanda,plane,Moanda International Airport,Main airport connecting Moanda to international destinations,https://www.skyscanner.com,Take the official airport express bus or taxi directly to city center.,
569,Moanda,bus,Moanda Central Bus Terminal,Intercity bus terminal with connections across Gabon,https://www.flixbus.com,Local city bus or taxi service available outside the terminal.,
570,Banjul,plane,Banjul International Airport,Main airport connecting Banjul to international destinations,https://www.skyscanner.com,Take the official airport express bus or taxi directly to city center.,
571,Banjul,bus,Banjul Central Bus Terminal,Intercity bus terminal with connections across Gambia,https://www.flixbus.com,Local city bus or taxi service available outside the terminal.,
572,Central River,plane,Central River International Airport,Main airport connecting Central River to international destinations,https://www.skyscanner.com,Take the official airport express bus or taxi directly to city center.,
573,Central River,bus,Central River Central Bus Terminal,Intercity bus terminal with connections across Gambia,https://www.flixbus.com,Local city bus or taxi service available outside the terminal.,
574,Lower River,plane,Lower River International Airport,Main airport connecting Lower River to international destinations,https://www.skyscanner.com,Take the official airport express bus or taxi directly to city center.,
575,Lower River,bus,Lower River Central Bus Terminal,Intercity bus terminal with connections across Gambia,https://www.flixbus.com,Local city bus or taxi service available outside the terminal.,
576,North Bank,plane,North Bank International Airport,Main airport connecting North Bank to international destinations,https://www.skyscanner.com,Take the official airport express bus or taxi directly to city center.,
577,North Bank,bus,North Bank Central Bus Terminal,Intercity bus terminal with connections across Gambia,https://www.flixbus.com,Local city bus or taxi service available outside the terminal.,
578,Tbilisi,plane,Tbilisi International Airport,Main airport connecting Tbilisi to international destinations,https://www.skyscanner.com,Take the official airport express bus or taxi directly to city center.,
579,Tbilisi,bus,Tbilisi Central Bus Terminal,Intercity bus terminal with connections across Georgia,https://www.flixbus.com,Local city bus or taxi service available outside the terminal.,
580,Gogolesubani,plane,Gogolesubani International Airport,Main airport connecting Gogolesubani to international destinations,https://www.skyscanner.com,Take the official airport express bus or taxi directly to city center.,
581,Gogolesubani,bus,Gogolesubani Central Bus Terminal,Intercity bus terminal with connections across Georgia,https://www.flixbus.com,Local city bus or taxi service available outside the terminal.,
582,Kutaisi,plane,Kutaisi International Airport,Main airport connecting Kutaisi to international destinations,https://www.skyscanner.com,Take the official airport express bus or taxi directly to city center.,
583,Kutaisi,bus,Kutaisi Central Bus Terminal,Intercity bus terminal with connections across Georgia,https://www.flixbus.com,Local city bus or taxi service available outside the terminal.,
584,Lentekhi,plane,Lentekhi International Airport,Main airport connecting Lentekhi to international destinations,https://www.skyscanner.com,Take the official airport express bus or taxi directly to city center.,
585,Lentekhi,bus,Lentekhi Central Bus Terminal,Intercity bus terminal with connections across Georgia,https://www.flixbus.com,Local city bus or taxi service available outside the terminal.,
586,Berlin,plane,Berlin International Airport,Main airport connecting Berlin to international destinations,https://www.skyscanner.com,Take the official airport express bus or taxi directly to city center.,
587,Berlin,bus,Berlin Central Bus Terminal,Intercity bus terminal with connections across Germany,https://www.flixbus.com,Local city bus or taxi service available outside the terminal.,
588,Munich,plane,Munich International Airport,Main airport connecting Munich to international destinations,https://www.skyscanner.com,Take the official airport express bus or taxi directly to city center.,
589,Munich,bus,Munich Central Bus Terminal,Intercity bus terminal with connections across Germany,https://www.flixbus.com,Local city bus or taxi service available outside the terminal.,
590,Hamburg,plane,Hamburg International Airport,Main airport connecting Hamburg to international destinations,https://www.skyscanner.com,Take the official airport express bus or taxi directly to city center.,
591,Hamburg,bus,Hamburg Central Bus Terminal,Intercity bus terminal with connections across Germany,https://www.flixbus.com,Local city bus or taxi service available outside the terminal.,
592,Frankfurt,plane,Frankfurt International Airport,Main airport connecting Frankfurt to international destinations,https://www.skyscanner.com,Take the official airport express bus or taxi directly to city center.,
593,Frankfurt,bus,Frankfurt Central Bus Terminal,Intercity bus terminal with connections across Germany,https://www.flixbus.com,Local city bus or taxi service available outside the terminal.,
594,Cologne,plane,Cologne International Airport,Main airport connecting Cologne to international destinations,https://www.skyscanner.com,Take the official airport express bus or taxi directly to city center.,
595,Cologne,bus,Cologne Central Bus Terminal,Intercity bus terminal with connections across Germany,https://www.flixbus.com,Local city bus or taxi service available outside the terminal.,
596,Accra,plane,Accra International Airport,Main airport connecting Accra to international destinations,https://www.skyscanner.com,Take the official airport express bus or taxi directly to city center.,
597,Accra,bus,Accra Central Bus Terminal,Intercity bus terminal with connections across Ghana,https://www.flixbus.com,Local city bus or taxi service available outside the terminal.,
598,Bawku,plane,Bawku International Airport,Main airport connecting Bawku to international destinations,https://www.skyscanner.com,Take the official airport express bus or taxi directly to city center.,
599,Bawku,bus,Bawku Central Bus Terminal,Intercity bus terminal with connections across Ghana,https://www.flixbus.com,Local city bus or taxi service available outside the terminal.,
600,Berekum,plane,Berekum International Airport,Main airport connecting Berekum to international destinations,https://www.skyscanner.com,Take the official airport express bus or taxi directly to city center.,
601,Berekum,bus,Berekum Central Bus Terminal,Intercity bus terminal with connections across Ghana,https://www.flixbus.com,Local city bus or taxi service available outside the terminal.,
602,Bolgatanga,plane,Bolgatanga International Airport,Main airport connecting Bolgatanga to international destinations,https://www.skyscanner.com,Take the official airport express bus or taxi directly to city center.,
603,Bolgatanga,bus,Bolgatanga Central Bus Terminal,Intercity bus terminal with connections across Ghana,https://www.flixbus.com,Local city bus or taxi service available outside the terminal.,
604,Gibraltar,plane,Gibraltar International Airport,Main airport connecting Gibraltar to international destinations,https://www.skyscanner.com,Take the official airport express bus or taxi directly to city center.,
605,Gibraltar,bus,Gibraltar Central Bus Terminal,Intercity bus terminal with connections across Gibraltar,https://www.flixbus.com,Local city bus or taxi service available outside the terminal.,
606,Alameda de los Monos,plane,Alameda de los Monos International Airport,Main airport connecting Alameda de los Monos to international destinations,https://www.skyscanner.com,Take the official airport express bus or taxi directly to city center.,
607,Alameda de los Monos,bus,Alameda de los Monos Central Bus Terminal,Intercity bus terminal with connections across Gibraltar,https://www.flixbus.com,Local city bus or taxi service available outside the terminal.,
608,Bruce's Farm,plane,Bruce's Farm International Airport,Main airport connecting Bruce's Farm to international destinations,https://www.skyscanner.com,Take the official airport express bus or taxi directly to city center.,
609,Bruce's Farm,bus,Bruce's Farm Central Bus Terminal,Intercity bus terminal with connections across Gibraltar,https://www.flixbus.com,Local city bus or taxi service available outside the terminal.,
610,Buena Vista,plane,Buena Vista International Airport,Main airport connecting Buena Vista to international destinations,https://www.skyscanner.com,Take the official airport express bus or taxi directly to city center.,
611,Buena Vista,bus,Buena Vista Central Bus Terminal,Intercity bus terminal with connections across Gibraltar,https://www.flixbus.com,Local city bus or taxi service available outside the terminal.,
612,Athens,plane,Athens International Airport,Main airport connecting Athens to international destinations,https://www.skyscanner.com,Take the official airport express bus or taxi directly to city center.,
613,Athens,bus,Athens Central Bus Terminal,Intercity bus terminal with connections across Greece,https://www.flixbus.com,Local city bus or taxi service available outside the terminal.,
614,Santorini,plane,Santorini International Airport,Main airport connecting Santorini to international destinations,https://www.skyscanner.com,Take the official airport express bus or taxi directly to city center.,
615,Santorini,bus,Santorini Central Bus Terminal,Intercity bus terminal with connections across Greece,https://www.flixbus.com,Local city bus or taxi service available outside the terminal.,
616,Mykonos,plane,Mykonos International Airport,Main airport connecting Mykonos to international destinations,https://www.skyscanner.com,Take the official airport express bus or taxi directly to city center.,
617,Mykonos,bus,Mykonos Central Bus Terminal,Intercity bus terminal with connections across Greece,https://www.flixbus.com,Local city bus or taxi service available outside the terminal.,
618,Thessaloniki,plane,Thessaloniki International Airport,Main airport connecting Thessaloniki to international destinations,https://www.skyscanner.com,Take the official airport express bus or taxi directly to city center.,
619,Thessaloniki,bus,Thessaloniki Central Bus Terminal,Intercity bus terminal with connections across Greece,https://www.flixbus.com,Local city bus or taxi service available outside the terminal.,
620,Nuuk,plane,Nuuk International Airport,Main airport connecting Nuuk to international destinations,https://www.skyscanner.com,Take the official airport express bus or taxi directly to city center.,
621,Nuuk,bus,Nuuk Central Bus Terminal,Intercity bus terminal with connections across Greenland,https://www.flixbus.com,Local city bus or taxi service available outside the terminal.,
622,Aasiaat,plane,Aasiaat International Airport,Main airport connecting Aasiaat to international destinations,https://www.skyscanner.com,Take the official airport express bus or taxi directly to city center.,
623,Aasiaat,bus,Aasiaat Central Bus Terminal,Intercity bus terminal with connections across Greenland,https://www.flixbus.com,Local city bus or taxi service available outside the terminal.,
624,Ilulissat,plane,Ilulissat International Airport,Main airport connecting Ilulissat to international destinations,https://www.skyscanner.com,Take the official airport express bus or taxi directly to city center.,
625,Ilulissat,bus,Ilulissat Central Bus Terminal,Intercity bus terminal with connections across Greenland,https://www.flixbus.com,Local city bus or taxi service available outside the terminal.,
626,Kapisillit,plane,Kapisillit International Airport,Main airport connecting Kapisillit to international destinations,https://www.skyscanner.com,Take the official airport express bus or taxi directly to city center.,
627,Kapisillit,bus,Kapisillit Central Bus Terminal,Intercity bus terminal with connections across Greenland,https://www.flixbus.com,Local city bus or taxi service available outside the terminal.,
628,St. George's,plane,St. George's International Airport,Main airport connecting St. George's to international destinations,https://www.skyscanner.com,Take the official airport express bus or taxi directly to city center.,
629,St. George's,bus,St. George's Central Bus Terminal,Intercity bus terminal with connections across Grenada,https://www.flixbus.com,Local city bus or taxi service available outside the terminal.,
630,Carriacou and Petit Martinique,plane,Carriacou and Petit Martinique International Airport,Main airport connecting Carriacou and Petit Martinique to international destinations,https://www.skyscanner.com,Take the official airport express bus or taxi directly to city center.,
631,Carriacou and Petit Martinique,bus,Carriacou and Petit Martinique Central Bus Terminal,Intercity bus terminal with connections across Grenada,https://www.flixbus.com,Local city bus or taxi service available outside the terminal.,
632,Saint Andrew,plane,Saint Andrew International Airport,Main airport connecting Saint Andrew to international destinations,https://www.skyscanner.com,Take the official airport express bus or taxi directly to city center.,
633,Saint Andrew,bus,Saint Andrew Central Bus Terminal,Intercity bus terminal with connections across Grenada,https://www.flixbus.com,Local city bus or taxi service available outside the terminal.,
634,Saint David,plane,Saint David International Airport,Main airport connecting Saint David to international destinations,https://www.skyscanner.com,Take the official airport express bus or taxi directly to city center.,
635,Saint David,bus,Saint David Central Bus Terminal,Intercity bus terminal with connections across Grenada,https://www.flixbus.com,Local city bus or taxi service available outside the terminal.,
636,Basse-Terre,plane,Basse-Terre International Airport,Main airport connecting Basse-Terre to international destinations,https://www.skyscanner.com,Take the official airport express bus or taxi directly to city center.,
637,Basse-Terre,bus,Basse-Terre Central Bus Terminal,Intercity bus terminal with connections across Guadeloupe,https://www.flixbus.com,Local city bus or taxi service available outside the terminal.,
638,Anse-Bertrand,plane,Anse-Bertrand International Airport,Main airport connecting Anse-Bertrand to international destinations,https://www.skyscanner.com,Take the official airport express bus or taxi directly to city center.,
639,Anse-Bertrand,bus,Anse-Bertrand Central Bus Terminal,Intercity bus terminal with connections across Guadeloupe,https://www.flixbus.com,Local city bus or taxi service available outside the terminal.,
640,Baie Mahault,plane,Baie Mahault International Airport,Main airport connecting Baie Mahault to international destinations,https://www.skyscanner.com,Take the official airport express bus or taxi directly to city center.,
641,Baie Mahault,bus,Baie Mahault Central Bus Terminal,Intercity bus terminal with connections across Guadeloupe,https://www.flixbus.com,Local city bus or taxi service available outside the terminal.,
642,Baie-Mahault,plane,Baie-Mahault International Airport,Main airport connecting Baie-Mahault to international destinations,https://www.skyscanner.com,Take the official airport express bus or taxi directly to city center.,
643,Baie-Mahault,bus,Baie-Mahault Central Bus Terminal,Intercity bus terminal with connections across Guadeloupe,https://www.flixbus.com,Local city bus or taxi service available outside the terminal.,
644,Hagåtña,plane,Hagåtña International Airport,Main airport connecting Hagåtña to international destinations,https://www.skyscanner.com,Take the official airport express bus or taxi directly to city center.,
645,Hagåtña,bus,Hagåtña Central Bus Terminal,Intercity bus terminal with connections across Guam,https://www.flixbus.com,Local city bus or taxi service available outside the terminal.,
646,Barrigada Village,plane,Barrigada Village International Airport,Main airport connecting Barrigada Village to international destinations,https://www.skyscanner.com,Take the official airport express bus or taxi directly to city center.,
647,Barrigada Village,bus,Barrigada Village Central Bus Terminal,Intercity bus terminal with connections across Guam,https://www.flixbus.com,Local city bus or taxi service available outside the terminal.,
648,Dededo Village,plane,Dededo Village International Airport,Main airport connecting Dededo Village to international destinations,https://www.skyscanner.com,Take the official airport express bus or taxi directly to city center.,
649,Dededo Village,bus,Dededo Village Central Bus Terminal,Intercity bus terminal with connections across Guam,https://www.flixbus.com,Local city bus or taxi service available outside the terminal.,
650,Inarajan Village,plane,Inarajan Village International Airport,Main airport connecting Inarajan Village to international destinations,https://www.skyscanner.com,Take the official airport express bus or taxi directly to city center.,
651,Inarajan Village,bus,Inarajan Village Central Bus Terminal,Intercity bus terminal with connections across Guam,https://www.flixbus.com,Local city bus or taxi service available outside the terminal.,
652,Guatemala City,plane,Guatemala City International Airport,Main airport connecting Guatemala City to international destinations,https://www.skyscanner.com,Take the official airport express bus or taxi directly to city center.,
653,Guatemala City,bus,Guatemala City Central Bus Terminal,Intercity bus terminal with connections across Guatemala,https://www.flixbus.com,Local city bus or taxi service available outside the terminal.,
654,Antigua Guatemala,plane,Antigua Guatemala International Airport,Main airport connecting Antigua Guatemala to international destinations,https://www.skyscanner.com,Take the official airport express bus or taxi directly to city center.,
655,Antigua Guatemala,bus,Antigua Guatemala Central Bus Terminal,Intercity bus terminal with connections across Guatemala,https://www.flixbus.com,Local city bus or taxi service available outside the terminal.,
656,Cambote,plane,Cambote International Airport,Main airport connecting Cambote to international destinations,https://www.skyscanner.com,Take the official airport express bus or taxi directly to city center.,
657,Cambote,bus,Cambote Central Bus Terminal,Intercity bus terminal with connections across Guatemala,https://www.flixbus.com,Local city bus or taxi service available outside the terminal.,
658,Catarina,plane,Catarina International Airport,Main airport connecting Catarina to international destinations,https://www.skyscanner.com,Take the official airport express bus or taxi directly to city center.,
659,Catarina,bus,Catarina Central Bus Terminal,Intercity bus terminal with connections across Guatemala,https://www.flixbus.com,Local city bus or taxi service available outside the terminal.,
660,St. Peter Port,plane,St. Peter Port International Airport,Main airport connecting St. Peter Port to international destinations,https://www.skyscanner.com,Take the official airport express bus or taxi directly to city center.,
661,St. Peter Port,bus,St. Peter Port Central Bus Terminal,Intercity bus terminal with connections across Guernsey,https://www.flixbus.com,Local city bus or taxi service available outside the terminal.,
662,Saint Peter Port,plane,Saint Peter Port International Airport,Main airport connecting Saint Peter Port to international destinations,https://www.skyscanner.com,Take the official airport express bus or taxi directly to city center.,
663,Saint Peter Port,bus,Saint Peter Port Central Bus Terminal,Intercity bus terminal with connections across Guernsey,https://www.flixbus.com,Local city bus or taxi service available outside the terminal.,
664,St Martin,plane,St Martin International Airport,Main airport connecting St Martin to international destinations,https://www.skyscanner.com,Take the official airport express bus or taxi directly to city center.,
665,St Martin,bus,St Martin Central Bus Terminal,Intercity bus terminal with connections across Guernsey,https://www.flixbus.com,Local city bus or taxi service available outside the terminal.,
666,St. Andrew`s,plane,St. Andrew`s International Airport,Main airport connecting St. Andrew`s to international destinations,https://www.skyscanner.com,Take the official airport express bus or taxi directly to city center.,
667,St. Andrew`s,bus,St. Andrew`s Central Bus Terminal,Intercity bus terminal with connections across Guernsey,https://www.flixbus.com,Local city bus or taxi service available outside the terminal.,
668,Conakry,plane,Conakry International Airport,Main airport connecting Conakry to international destinations,https://www.skyscanner.com,Take the official airport express bus or taxi directly to city center.,
669,Conakry,bus,Conakry Central Bus Terminal,Intercity bus terminal with connections across Guinea,https://www.flixbus.com,Local city bus or taxi service available outside the terminal.,
670,Dabola,plane,Dabola International Airport,Main airport connecting Dabola to international destinations,https://www.skyscanner.com,Take the official airport express bus or taxi directly to city center.,
671,Dabola,bus,Dabola Central Bus Terminal,Intercity bus terminal with connections across Guinea,https://www.flixbus.com,Local city bus or taxi service available outside the terminal.,
672,Kalia,plane,Kalia International Airport,Main airport connecting Kalia to international destinations,https://www.skyscanner.com,Take the official airport express bus or taxi directly to city center.,
673,Kalia,bus,Kalia Central Bus Terminal,Intercity bus terminal with connections across Guinea,https://www.flixbus.com,Local city bus or taxi service available outside the terminal.,
674,Kankan,plane,Kankan International Airport,Main airport connecting Kankan to international destinations,https://www.skyscanner.com,Take the official airport express bus or taxi directly to city center.,
675,Kankan,bus,Kankan Central Bus Terminal,Intercity bus terminal with connections across Guinea,https://www.flixbus.com,Local city bus or taxi service available outside the terminal.,
676,Bissau,plane,Bissau International Airport,Main airport connecting Bissau to international destinations,https://www.skyscanner.com,Take the official airport express bus or taxi directly to city center.,
677,Bissau,bus,Bissau Central Bus Terminal,Intercity bus terminal with connections across Guinea-Bissau,https://www.flixbus.com,Local city bus or taxi service available outside the terminal.,
678,Bafata,plane,Bafata International Airport,Main airport connecting Bafata to international destinations,https://www.skyscanner.com,Take the official airport express bus or taxi directly to city center.,
679,Bafata,bus,Bafata Central Bus Terminal,Intercity bus terminal with connections across Guinea-Bissau,https://www.flixbus.com,Local city bus or taxi service available outside the terminal.,
680,Biombo,plane,Biombo International Airport,Main airport connecting Biombo to international destinations,https://www.skyscanner.com,Take the official airport express bus or taxi directly to city center.,
681,Biombo,bus,Biombo Central Bus Terminal,Intercity bus terminal with connections across Guinea-Bissau,https://www.flixbus.com,Local city bus or taxi service available outside the terminal.,
682,Bolama,plane,Bolama International Airport,Main airport connecting Bolama to international destinations,https://www.skyscanner.com,Take the official airport express bus or taxi directly to city center.,
683,Bolama,bus,Bolama Central Bus Terminal,Intercity bus terminal with connections across Guinea-Bissau,https://www.flixbus.com,Local city bus or taxi service available outside the terminal.,
684,Georgetown,plane,Georgetown International Airport,Main airport connecting Georgetown to international destinations,https://www.skyscanner.com,Take the official airport express bus or taxi directly to city center.,
685,Georgetown,bus,Georgetown Central Bus Terminal,Intercity bus terminal with connections across Guyana,https://www.flixbus.com,Local city bus or taxi service available outside the terminal.,
686,Barima-Waini,plane,Barima-Waini International Airport,Main airport connecting Barima-Waini to international destinations,https://www.skyscanner.com,Take the official airport express bus or taxi directly to city center.,
687,Barima-Waini,bus,Barima-Waini Central Bus Terminal,Intercity bus terminal with connections across Guyana,https://www.flixbus.com,Local city bus or taxi service available outside the terminal.,
688,Cuyuni-Mazaruni,plane,Cuyuni-Mazaruni International Airport,Main airport connecting Cuyuni-Mazaruni to international destinations,https://www.skyscanner.com,Take the official airport express bus or taxi directly to city center.,
689,Cuyuni-Mazaruni,bus,Cuyuni-Mazaruni Central Bus Terminal,Intercity bus terminal with connections across Guyana,https://www.flixbus.com,Local city bus or taxi service available outside the terminal.,
690,Demerara-Mahaica,plane,Demerara-Mahaica International Airport,Main airport connecting Demerara-Mahaica to international destinations,https://www.skyscanner.com,Take the official airport express bus or taxi directly to city center.,
691,Demerara-Mahaica,bus,Demerara-Mahaica Central Bus Terminal,Intercity bus terminal with connections across Guyana,https://www.flixbus.com,Local city bus or taxi service available outside the terminal.,
692,Port-au-Prince,plane,Port-au-Prince International Airport,Main airport connecting Port-au-Prince to international destinations,https://www.skyscanner.com,Take the official airport express bus or taxi directly to city center.,
693,Port-au-Prince,bus,Port-au-Prince Central Bus Terminal,Intercity bus terminal with connections across Haiti,https://www.flixbus.com,Local city bus or taxi service available outside the terminal.,
694,Carrefour,plane,Carrefour International Airport,Main airport connecting Carrefour to international destinations,https://www.skyscanner.com,Take the official airport express bus or taxi directly to city center.,
695,Carrefour,bus,Carrefour Central Bus Terminal,Intercity bus terminal with connections across Haiti,https://www.flixbus.com,Local city bus or taxi service available outside the terminal.,
696,Delmar,plane,Delmar International Airport,Main airport connecting Delmar to international destinations,https://www.skyscanner.com,Take the official airport express bus or taxi directly to city center.,
697,Delmar,bus,Delmar Central Bus Terminal,Intercity bus terminal with connections across Haiti,https://www.flixbus.com,Local city bus or taxi service available outside the terminal.,
698,Duverger,plane,Duverger International Airport,Main airport connecting Duverger to international destinations,https://www.skyscanner.com,Take the official airport express bus or taxi directly to city center.,
699,Duverger,bus,Duverger Central Bus Terminal,Intercity bus terminal with connections across Haiti,https://www.flixbus.com,Local city bus or taxi service available outside the terminal.,
700,Tegucigalpa,plane,Tegucigalpa International Airport,Main airport connecting Tegucigalpa to international destinations,https://www.skyscanner.com,Take the official airport express bus or taxi directly to city center.,
701,Tegucigalpa,bus,Tegucigalpa Central Bus Terminal,Intercity bus terminal with connections across Honduras,https://www.flixbus.com,Local city bus or taxi service available outside the terminal.,
702,Honduras,plane,Honduras International Airport,Main airport connecting Honduras to international destinations,https://www.skyscanner.com,Take the official airport express bus or taxi directly to city center.,
703,Honduras,bus,Honduras Central Bus Terminal,Intercity bus terminal with connections across Honduras,https://www.flixbus.com,Local city bus or taxi service available outside the terminal.,
704,Choloma,plane,Choloma International Airport,Main airport connecting Choloma to international destinations,https://www.skyscanner.com,Take the official airport express bus or taxi directly to city center.,
705,Choloma,bus,Choloma Central Bus Terminal,Intercity bus terminal with connections across Honduras,https://www.flixbus.com,Local city bus or taxi service available outside the terminal.,
706,Comayagua,plane,Comayagua International Airport,Main airport connecting Comayagua to international destinations,https://www.skyscanner.com,Take the official airport express bus or taxi directly to city center.,
707,Comayagua,bus,Comayagua Central Bus Terminal,Intercity bus terminal with connections across Honduras,https://www.flixbus.com,Local city bus or taxi service available outside the terminal.,
708,City of Victoria,plane,City of Victoria International Airport,Main airport connecting City of Victoria to international destinations,https://www.skyscanner.com,Take the official airport express bus or taxi directly to city center.,
709,City of Victoria,bus,City of Victoria Central Bus Terminal,Intercity bus terminal with connections across Hong Kong,https://www.flixbus.com,Local city bus or taxi service available outside the terminal.,
710,Aberdeen,plane,Aberdeen International Airport,Main airport connecting Aberdeen to international destinations,https://www.skyscanner.com,Take the official airport express bus or taxi directly to city center.,
711,Aberdeen,bus,Aberdeen Central Bus Terminal,Intercity bus terminal with connections across Hong Kong,https://www.flixbus.com,Local city bus or taxi service available outside the terminal.,
712,Causeway Bay,plane,Causeway Bay International Airport,Main airport connecting Causeway Bay to international destinations,https://www.skyscanner.com,Take the official airport express bus or taxi directly to city center.,
713,Causeway Bay,bus,Causeway Bay Central Bus Terminal,Intercity bus terminal with connections across Hong Kong,https://www.flixbus.com,Local city bus or taxi service available outside the terminal.,
714,Central District,plane,Central District International Airport,Main airport connecting Central District to international destinations,https://www.skyscanner.com,Take the official airport express bus or taxi directly to city center.,
715,Central District,bus,Central District Central Bus Terminal,Intercity bus terminal with connections across Hong Kong,https://www.flixbus.com,Local city bus or taxi service available outside the terminal.,
716,Budapest,plane,Budapest Ferenc Liszt Airport (BUD),Primary international gateway to Hungary,https://www.skyscanner.com,Take 100E express bus directly to Deak Ferenc ter in city center.,https://bkk.hu
717,Budapest,train,Keleti Railway Station (Keleti palyaudvar),Main international railway terminal,https://www.trainline.com,M2 and M4 metro lines connect directly to the center.,
718,Debrecen,plane,Debrecen International Airport,Main airport connecting Debrecen to international destinations,https://www.skyscanner.com,Take the official airport express bus or taxi directly to city center.,
719,Debrecen,bus,Debrecen Central Bus Terminal,Intercity bus terminal with connections across Hungary,https://www.flixbus.com,Local city bus or taxi service available outside the terminal.,
720,Szeged,plane,Szeged International Airport,Main airport connecting Szeged to international destinations,https://www.skyscanner.com,Take the official airport express bus or taxi directly to city center.,
721,Szeged,bus,Szeged Central Bus Terminal,Intercity bus terminal with connections across Hungary,https://www.flixbus.com,Local city bus or taxi service available outside the terminal.,
722,Reykjavik,plane,Reykjavik International Airport,Main airport connecting Reykjavik to international destinations,https://www.skyscanner.com,Take the official airport express bus or taxi directly to city center.,
723,Reykjavik,bus,Reykjavik Central Bus Terminal,Intercity bus terminal with connections across Iceland,https://www.flixbus.com,Local city bus or taxi service available outside the terminal.,
724,Akranes,plane,Akranes International Airport,Main airport connecting Akranes to international destinations,https://www.skyscanner.com,Take the official airport express bus or taxi directly to city center.,
725,Akranes,bus,Akranes Central Bus Terminal,Intercity bus terminal with connections across Iceland,https://www.flixbus.com,Local city bus or taxi service available outside the terminal.,
726,Akureyri,plane,Akureyri International Airport,Main airport connecting Akureyri to international destinations,https://www.skyscanner.com,Take the official airport express bus or taxi directly to city center.,
727,Akureyri,bus,Akureyri Central Bus Terminal,Intercity bus terminal with connections across Iceland,https://www.flixbus.com,Local city bus or taxi service available outside the terminal.,
728,Borgarnes,plane,Borgarnes International Airport,Main airport connecting Borgarnes to international destinations,https://www.skyscanner.com,Take the official airport express bus or taxi directly to city center.,
729,Borgarnes,bus,Borgarnes Central Bus Terminal,Intercity bus terminal with connections across Iceland,https://www.flixbus.com,Local city bus or taxi service available outside the terminal.,
730,New Delhi,plane,New Delhi International Airport,Main airport connecting New Delhi to international destinations,https://www.skyscanner.com,Take the official airport express bus or taxi directly to city center.,
731,New Delhi,bus,New Delhi Central Bus Terminal,Intercity bus terminal with connections across India,https://www.flixbus.com,Local city bus or taxi service available outside the terminal.,
732,Abdul,plane,Abdul International Airport,Main airport connecting Abdul to international destinations,https://www.skyscanner.com,Take the official airport express bus or taxi directly to city center.,
733,Abdul,bus,Abdul Central Bus Terminal,Intercity bus terminal with connections across India,https://www.flixbus.com,Local city bus or taxi service available outside the terminal.,
734,Adilabad,plane,Adilabad International Airport,Main airport connecting Adilabad to international destinations,https://www.skyscanner.com,Take the official airport express bus or taxi directly to city center.,
735,Adilabad,bus,Adilabad Central Bus Terminal,Intercity bus terminal with connections across India,https://www.flixbus.com,Local city bus or taxi service available outside the terminal.,
736,Adwani,plane,Adwani International Airport,Main airport connecting Adwani to international destinations,https://www.skyscanner.com,Take the official airport express bus or taxi directly to city center.,
737,Adwani,bus,Adwani Central Bus Terminal,Intercity bus terminal with connections across India,https://www.flixbus.com,Local city bus or taxi service available outside the terminal.,
738,Jakarta,plane,Jakarta International Airport,Main airport connecting Jakarta to international destinations,https://www.skyscanner.com,Take the official airport express bus or taxi directly to city center.,
739,Jakarta,bus,Jakarta Central Bus Terminal,Intercity bus terminal with connections across Indonesia,https://www.flixbus.com,Local city bus or taxi service available outside the terminal.,
740,Abadi,plane,Abadi International Airport,Main airport connecting Abadi to international destinations,https://www.skyscanner.com,Take the official airport express bus or taxi directly to city center.,
741,Abadi,bus,Abadi Central Bus Terminal,Intercity bus terminal with connections across Indonesia,https://www.flixbus.com,Local city bus or taxi service available outside the terminal.,
742,Adiantorop,plane,Adiantorop International Airport,Main airport connecting Adiantorop to international destinations,https://www.skyscanner.com,Take the official airport express bus or taxi directly to city center.,
743,Adiantorop,bus,Adiantorop Central Bus Terminal,Intercity bus terminal with connections across Indonesia,https://www.flixbus.com,Local city bus or taxi service available outside the terminal.,
744,Airmadidi,plane,Airmadidi International Airport,Main airport connecting Airmadidi to international destinations,https://www.skyscanner.com,Take the official airport express bus or taxi directly to city center.,
745,Airmadidi,bus,Airmadidi Central Bus Terminal,Intercity bus terminal with connections across Indonesia,https://www.flixbus.com,Local city bus or taxi service available outside the terminal.,
746,Tehran,plane,Tehran International Airport,Main airport connecting Tehran to international destinations,https://www.skyscanner.com,Take the official airport express bus or taxi directly to city center.,
747,Tehran,bus,Tehran Central Bus Terminal,Intercity bus terminal with connections across Iran,https://www.flixbus.com,Local city bus or taxi service available outside the terminal.,
748,`Aliabad,plane,`Aliabad International Airport,Main airport connecting `Aliabad to international destinations,https://www.skyscanner.com,Take the official airport express bus or taxi directly to city center.,
749,`Aliabad,bus,`Aliabad Central Bus Terminal,Intercity bus terminal with connections across Iran,https://www.flixbus.com,Local city bus or taxi service available outside the terminal.,
750,`Aliabad-e Aq Hesar,plane,`Aliabad-e Aq Hesar International Airport,Main airport connecting `Aliabad-e Aq Hesar to international destinations,https://www.skyscanner.com,Take the official airport express bus or taxi directly to city center.,
751,`Aliabad-e Aq Hesar,bus,`Aliabad-e Aq Hesar Central Bus Terminal,Intercity bus terminal with connections across Iran,https://www.flixbus.com,Local city bus or taxi service available outside the terminal.,
752,`Oryan,plane,`Oryan International Airport,Main airport connecting `Oryan to international destinations,https://www.skyscanner.com,Take the official airport express bus or taxi directly to city center.,
753,`Oryan,bus,`Oryan Central Bus Terminal,Intercity bus terminal with connections across Iran,https://www.flixbus.com,Local city bus or taxi service available outside the terminal.,
754,Baghdad,plane,Baghdad International Airport,Main airport connecting Baghdad to international destinations,https://www.skyscanner.com,Take the official airport express bus or taxi directly to city center.,
755,Baghdad,bus,Baghdad Central Bus Terminal,Intercity bus terminal with connections across Iraq,https://www.flixbus.com,Local city bus or taxi service available outside the terminal.,
756,Al `Amarah,plane,Al `Amarah International Airport,Main airport connecting Al `Amarah to international destinations,https://www.skyscanner.com,Take the official airport express bus or taxi directly to city center.,
757,Al `Amarah,bus,Al `Amarah Central Bus Terminal,Intercity bus terminal with connections across Iraq,https://www.flixbus.com,Local city bus or taxi service available outside the terminal.,
758,Al Hillah,plane,Al Hillah International Airport,Main airport connecting Al Hillah to international destinations,https://www.skyscanner.com,Take the official airport express bus or taxi directly to city center.,
759,Al Hillah,bus,Al Hillah Central Bus Terminal,Intercity bus terminal with connections across Iraq,https://www.flixbus.com,Local city bus or taxi service available outside the terminal.,
760,Bahr,plane,Bahr International Airport,Main airport connecting Bahr to international destinations,https://www.skyscanner.com,Take the official airport express bus or taxi directly to city center.,
761,Bahr,bus,Bahr Central Bus Terminal,Intercity bus terminal with connections across Iraq,https://www.flixbus.com,Local city bus or taxi service available outside the terminal.,
762,Dublin,plane,Dublin International Airport,Main airport connecting Dublin to international destinations,https://www.skyscanner.com,Take the official airport express bus or taxi directly to city center.,
763,Dublin,bus,Dublin Central Bus Terminal,Intercity bus terminal with connections across Ireland,https://www.flixbus.com,Local city bus or taxi service available outside the terminal.,
764,Abbeyfeale,plane,Abbeyfeale International Airport,Main airport connecting Abbeyfeale to international destinations,https://www.skyscanner.com,Take the official airport express bus or taxi directly to city center.,
765,Abbeyfeale,bus,Abbeyfeale Central Bus Terminal,Intercity bus terminal with connections across Ireland,https://www.flixbus.com,Local city bus or taxi service available outside the terminal.,
766,Abbeyleix,plane,Abbeyleix International Airport,Main airport connecting Abbeyleix to international destinations,https://www.skyscanner.com,Take the official airport express bus or taxi directly to city center.,
767,Abbeyleix,bus,Abbeyleix Central Bus Terminal,Intercity bus terminal with connections across Ireland,https://www.flixbus.com,Local city bus or taxi service available outside the terminal.,
768,Ardee,plane,Ardee International Airport,Main airport connecting Ardee to international destinations,https://www.skyscanner.com,Take the official airport express bus or taxi directly to city center.,
769,Ardee,bus,Ardee Central Bus Terminal,Intercity bus terminal with connections across Ireland,https://www.flixbus.com,Local city bus or taxi service available outside the terminal.,
770,Douglas,plane,Douglas International Airport,Main airport connecting Douglas to international destinations,https://www.skyscanner.com,Take the official airport express bus or taxi directly to city center.,
771,Douglas,bus,Douglas Central Bus Terminal,Intercity bus terminal with connections across Isle of Man,https://www.flixbus.com,Local city bus or taxi service available outside the terminal.,
772,Ballasalla,plane,Ballasalla International Airport,Main airport connecting Ballasalla to international destinations,https://www.skyscanner.com,Take the official airport express bus or taxi directly to city center.,
773,Ballasalla,bus,Ballasalla Central Bus Terminal,Intercity bus terminal with connections across Isle of Man,https://www.flixbus.com,Local city bus or taxi service available outside the terminal.,
774,Castletown,plane,Castletown International Airport,Main airport connecting Castletown to international destinations,https://www.skyscanner.com,Take the official airport express bus or taxi directly to city center.,
775,Castletown,bus,Castletown Central Bus Terminal,Intercity bus terminal with connections across Isle of Man,https://www.flixbus.com,Local city bus or taxi service available outside the terminal.,
776,Crosby,plane,Crosby International Airport,Main airport connecting Crosby to international destinations,https://www.skyscanner.com,Take the official airport express bus or taxi directly to city center.,
777,Crosby,bus,Crosby Central Bus Terminal,Intercity bus terminal with connections across Isle of Man,https://www.flixbus.com,Local city bus or taxi service available outside the terminal.,
778,Jerusalem,plane,Jerusalem International Airport,Main airport connecting Jerusalem to international destinations,https://www.skyscanner.com,Take the official airport express bus or taxi directly to city center.,
779,Jerusalem,bus,Jerusalem Central Bus Terminal,Intercity bus terminal with connections across Israel,https://www.flixbus.com,Local city bus or taxi service available outside the terminal.,
780,`Alma,plane,`Alma International Airport,Main airport connecting `Alma to international destinations,https://www.skyscanner.com,Take the official airport express bus or taxi directly to city center.,
781,`Alma,bus,`Alma Central Bus Terminal,Intercity bus terminal with connections across Israel,https://www.flixbus.com,Local city bus or taxi service available outside the terminal.,
782,`Amir,plane,`Amir International Airport,Main airport connecting `Amir to international destinations,https://www.skyscanner.com,Take the official airport express bus or taxi directly to city center.,
783,`Amir,bus,`Amir Central Bus Terminal,Intercity bus terminal with connections across Israel,https://www.flixbus.com,Local city bus or taxi service available outside the terminal.,
784,`Arugot,plane,`Arugot International Airport,Main airport connecting `Arugot to international destinations,https://www.skyscanner.com,Take the official airport express bus or taxi directly to city center.,
785,`Arugot,bus,`Arugot Central Bus Terminal,Intercity bus terminal with connections across Israel,https://www.flixbus.com,Local city bus or taxi service available outside the terminal.,
786,Rome,plane,Leonardo da Vinci–Fiumicino Airport (FCO),Main international airport of Rome,https://www.skyscanner.com,Take Leonardo Express train non-stop to Roma Termini.,https://www.trenitalia.com
787,Rome,train,Roma Termini Station,Central railway hub of Rome,https://www.trainline.com,Metro lines A and B intersect here.,
788,Florence,plane,Florence International Airport,Main airport connecting Florence to international destinations,https://www.skyscanner.com,Take the official airport express bus or taxi directly to city center.,
789,Florence,bus,Florence Central Bus Terminal,Intercity bus terminal with connections across Italy,https://www.flixbus.com,Local city bus or taxi service available outside the terminal.,
790,Venice,plane,Venice International Airport,Main airport connecting Venice to international destinations,https://www.skyscanner.com,Take the official airport express bus or taxi directly to city center.,
791,Venice,bus,Venice Central Bus Terminal,Intercity bus terminal with connections across Italy,https://www.flixbus.com,Local city bus or taxi service available outside the terminal.,
792,Milan,plane,Milan International Airport,Main airport connecting Milan to international destinations,https://www.skyscanner.com,Take the official airport express bus or taxi directly to city center.,
793,Milan,bus,Milan Central Bus Terminal,Intercity bus terminal with connections across Italy,https://www.flixbus.com,Local city bus or taxi service available outside the terminal.,
794,Naples,plane,Naples International Airport,Main airport connecting Naples to international destinations,https://www.skyscanner.com,Take the official airport express bus or taxi directly to city center.,
795,Naples,bus,Naples Central Bus Terminal,Intercity bus terminal with connections across Italy,https://www.flixbus.com,Local city bus or taxi service available outside the terminal.,
796,Yamoussoukro,plane,Yamoussoukro International Airport,Main airport connecting Yamoussoukro to international destinations,https://www.skyscanner.com,Take the official airport express bus or taxi directly to city center.,
797,Yamoussoukro,bus,Yamoussoukro Central Bus Terminal,Intercity bus terminal with connections across Ivory Coast,https://www.flixbus.com,Local city bus or taxi service available outside the terminal.,
798,Abidjan,plane,Abidjan International Airport,Main airport connecting Abidjan to international destinations,https://www.skyscanner.com,Take the official airport express bus or taxi directly to city center.,
799,Abidjan,bus,Abidjan Central Bus Terminal,Intercity bus terminal with connections across Ivory Coast,https://www.flixbus.com,Local city bus or taxi service available outside the terminal.,
800,Abobo,plane,Abobo International Airport,Main airport connecting Abobo to international destinations,https://www.skyscanner.com,Take the official airport express bus or taxi directly to city center.,
801,Abobo,bus,Abobo Central Bus Terminal,Intercity bus terminal with connections across Ivory Coast,https://www.flixbus.com,Local city bus or taxi service available outside the terminal.,
802,Anyama,plane,Anyama International Airport,Main airport connecting Anyama to international destinations,https://www.skyscanner.com,Take the official airport express bus or taxi directly to city center.,
803,Anyama,bus,Anyama Central Bus Terminal,Intercity bus terminal with connections across Ivory Coast,https://www.flixbus.com,Local city bus or taxi service available outside the terminal.,
804,Kingston,plane,Kingston International Airport,Main airport connecting Kingston to international destinations,https://www.skyscanner.com,Take the official airport express bus or taxi directly to city center.,
805,Kingston,bus,Kingston Central Bus Terminal,Intercity bus terminal with connections across Jamaica,https://www.flixbus.com,Local city bus or taxi service available outside the terminal.,
806,Black River,plane,Black River International Airport,Main airport connecting Black River to international destinations,https://www.skyscanner.com,Take the official airport express bus or taxi directly to city center.,
807,Black River,bus,Black River Central Bus Terminal,Intercity bus terminal with connections across Jamaica,https://www.flixbus.com,Local city bus or taxi service available outside the terminal.,
808,Browns Town,plane,Browns Town International Airport,Main airport connecting Browns Town to international destinations,https://www.skyscanner.com,Take the official airport express bus or taxi directly to city center.,
809,Browns Town,bus,Browns Town Central Bus Terminal,Intercity bus terminal with connections across Jamaica,https://www.flixbus.com,Local city bus or taxi service available outside the terminal.,
810,Gordon Town,plane,Gordon Town International Airport,Main airport connecting Gordon Town to international destinations,https://www.skyscanner.com,Take the official airport express bus or taxi directly to city center.,
811,Gordon Town,bus,Gordon Town Central Bus Terminal,Intercity bus terminal with connections across Jamaica,https://www.flixbus.com,Local city bus or taxi service available outside the terminal.,
812,Tokyo,plane,Tokyo Haneda Airport (HND),Closest major airport to central Tokyo,https://www.skyscanner.com,Take Tokyo Monorail or Keikyu Line to Yamanote loop line.,https://www.tokyo-monorail.co.jp
813,Tokyo,plane,Narita International Airport (NRT),Primary international hub for long-haul flights,https://www.skyscanner.com,Take JR Narita Express (N'EX) or Keisei Skyliner to Tokyo Station / Shinjuku.,https://www.jreast.co.jp
814,Kyoto,plane,Kyoto International Airport,Main airport connecting Kyoto to international destinations,https://www.skyscanner.com,Take the official airport express bus or taxi directly to city center.,
815,Kyoto,bus,Kyoto Central Bus Terminal,Intercity bus terminal with connections across Japan,https://www.flixbus.com,Local city bus or taxi service available outside the terminal.,
816,Osaka,plane,Osaka International Airport,Main airport connecting Osaka to international destinations,https://www.skyscanner.com,Take the official airport express bus or taxi directly to city center.,
817,Osaka,bus,Osaka Central Bus Terminal,Intercity bus terminal with connections across Japan,https://www.flixbus.com,Local city bus or taxi service available outside the terminal.,
818,Sapporo,plane,Sapporo International Airport,Main airport connecting Sapporo to international destinations,https://www.skyscanner.com,Take the official airport express bus or taxi directly to city center.,
819,Sapporo,bus,Sapporo Central Bus Terminal,Intercity bus terminal with connections across Japan,https://www.flixbus.com,Local city bus or taxi service available outside the terminal.,
820,Fukuoka,plane,Fukuoka International Airport,Main airport connecting Fukuoka to international destinations,https://www.skyscanner.com,Take the official airport express bus or taxi directly to city center.,
821,Fukuoka,bus,Fukuoka Central Bus Terminal,Intercity bus terminal with connections across Japan,https://www.flixbus.com,Local city bus or taxi service available outside the terminal.,
822,Saint Helier,plane,Saint Helier International Airport,Main airport connecting Saint Helier to international destinations,https://www.skyscanner.com,Take the official airport express bus or taxi directly to city center.,
823,Saint Helier,bus,Saint Helier Central Bus Terminal,Intercity bus terminal with connections across Jersey,https://www.flixbus.com,Local city bus or taxi service available outside the terminal.,
824,St. Helier (settlement),plane,St. Helier (settlement) International Airport,Main airport connecting St. Helier (settlement) to international destinations,https://www.skyscanner.com,Take the official airport express bus or taxi directly to city center.,
825,St. Helier (settlement),bus,St. Helier (settlement) Central Bus Terminal,Intercity bus terminal with connections across Jersey,https://www.flixbus.com,Local city bus or taxi service available outside the terminal.,
826,Amman,plane,Amman International Airport,Main airport connecting Amman to international destinations,https://www.skyscanner.com,Take the official airport express bus or taxi directly to city center.,
827,Amman,bus,Amman Central Bus Terminal,Intercity bus terminal with connections across Jordan,https://www.flixbus.com,Local city bus or taxi service available outside the terminal.,
828,Ar Ramtha,plane,Ar Ramtha International Airport,Main airport connecting Ar Ramtha to international destinations,https://www.skyscanner.com,Take the official airport express bus or taxi directly to city center.,
829,Ar Ramtha,bus,Ar Ramtha Central Bus Terminal,Intercity bus terminal with connections across Jordan,https://www.flixbus.com,Local city bus or taxi service available outside the terminal.,
830,Al 'Aqabah,plane,Al 'Aqabah International Airport,Main airport connecting Al 'Aqabah to international destinations,https://www.skyscanner.com,Take the official airport express bus or taxi directly to city center.,
831,Al 'Aqabah,bus,Al 'Aqabah Central Bus Terminal,Intercity bus terminal with connections across Jordan,https://www.flixbus.com,Local city bus or taxi service available outside the terminal.,
832,Ajlun,plane,Ajlun International Airport,Main airport connecting Ajlun to international destinations,https://www.skyscanner.com,Take the official airport express bus or taxi directly to city center.,
833,Ajlun,bus,Ajlun Central Bus Terminal,Intercity bus terminal with connections across Jordan,https://www.flixbus.com,Local city bus or taxi service available outside the terminal.,
834,Astana,plane,Astana International Airport,Main airport connecting Astana to international destinations,https://www.skyscanner.com,Take the official airport express bus or taxi directly to city center.,
835,Astana,bus,Astana Central Bus Terminal,Intercity bus terminal with connections across Kazakhstan,https://www.flixbus.com,Local city bus or taxi service available outside the terminal.,
836,Aksay,plane,Aksay International Airport,Main airport connecting Aksay to international destinations,https://www.skyscanner.com,Take the official airport express bus or taxi directly to city center.,
837,Aksay,bus,Aksay Central Bus Terminal,Intercity bus terminal with connections across Kazakhstan,https://www.flixbus.com,Local city bus or taxi service available outside the terminal.,
838,Aksoran,plane,Aksoran International Airport,Main airport connecting Aksoran to international destinations,https://www.skyscanner.com,Take the official airport express bus or taxi directly to city center.,
839,Aksoran,bus,Aksoran Central Bus Terminal,Intercity bus terminal with connections across Kazakhstan,https://www.flixbus.com,Local city bus or taxi service available outside the terminal.,
840,Almaty,plane,Almaty International Airport,Main airport connecting Almaty to international destinations,https://www.skyscanner.com,Take the official airport express bus or taxi directly to city center.,
841,Almaty,bus,Almaty Central Bus Terminal,Intercity bus terminal with connections across Kazakhstan,https://www.flixbus.com,Local city bus or taxi service available outside the terminal.,
842,Nairobi,plane,Nairobi International Airport,Main airport connecting Nairobi to international destinations,https://www.skyscanner.com,Take the official airport express bus or taxi directly to city center.,
843,Nairobi,bus,Nairobi Central Bus Terminal,Intercity bus terminal with connections across Kenya,https://www.flixbus.com,Local city bus or taxi service available outside the terminal.,
844,Bondo,plane,Bondo International Airport,Main airport connecting Bondo to international destinations,https://www.skyscanner.com,Take the official airport express bus or taxi directly to city center.,
845,Bondo,bus,Bondo Central Bus Terminal,Intercity bus terminal with connections across Kenya,https://www.flixbus.com,Local city bus or taxi service available outside the terminal.,
846,Chuka,plane,Chuka International Airport,Main airport connecting Chuka to international destinations,https://www.skyscanner.com,Take the official airport express bus or taxi directly to city center.,
847,Chuka,bus,Chuka Central Bus Terminal,Intercity bus terminal with connections across Kenya,https://www.flixbus.com,Local city bus or taxi service available outside the terminal.,
848,Eldoret,plane,Eldoret International Airport,Main airport connecting Eldoret to international destinations,https://www.skyscanner.com,Take the official airport express bus or taxi directly to city center.,
849,Eldoret,bus,Eldoret Central Bus Terminal,Intercity bus terminal with connections across Kenya,https://www.flixbus.com,Local city bus or taxi service available outside the terminal.,
850,South Tarawa,plane,South Tarawa International Airport,Main airport connecting South Tarawa to international destinations,https://www.skyscanner.com,Take the official airport express bus or taxi directly to city center.,
851,South Tarawa,bus,South Tarawa Central Bus Terminal,Intercity bus terminal with connections across Kiribati,https://www.flixbus.com,Local city bus or taxi service available outside the terminal.,
852,Pristina,plane,Pristina International Airport,Main airport connecting Pristina to international destinations,https://www.skyscanner.com,Take the official airport express bus or taxi directly to city center.,
853,Pristina,bus,Pristina Central Bus Terminal,Intercity bus terminal with connections across Kosovo,https://www.flixbus.com,Local city bus or taxi service available outside the terminal.,
854,Dunavo,plane,Dunavo International Airport,Main airport connecting Dunavo to international destinations,https://www.skyscanner.com,Take the official airport express bus or taxi directly to city center.,
855,Dunavo,bus,Dunavo Central Bus Terminal,Intercity bus terminal with connections across Kosovo,https://www.flixbus.com,Local city bus or taxi service available outside the terminal.,
856,Ferizaj,plane,Ferizaj International Airport,Main airport connecting Ferizaj to international destinations,https://www.skyscanner.com,Take the official airport express bus or taxi directly to city center.,
857,Ferizaj,bus,Ferizaj Central Bus Terminal,Intercity bus terminal with connections across Kosovo,https://www.flixbus.com,Local city bus or taxi service available outside the terminal.,
858,Mitrovica,plane,Mitrovica International Airport,Main airport connecting Mitrovica to international destinations,https://www.skyscanner.com,Take the official airport express bus or taxi directly to city center.,
859,Mitrovica,bus,Mitrovica Central Bus Terminal,Intercity bus terminal with connections across Kosovo,https://www.flixbus.com,Local city bus or taxi service available outside the terminal.,
860,Kuwait City,plane,Kuwait City International Airport,Main airport connecting Kuwait City to international destinations,https://www.skyscanner.com,Take the official airport express bus or taxi directly to city center.,
861,Kuwait City,bus,Kuwait City Central Bus Terminal,Intercity bus terminal with connections across Kuwait,https://www.flixbus.com,Local city bus or taxi service available outside the terminal.,
862,Abraq Khaytan,plane,Abraq Khaytan International Airport,Main airport connecting Abraq Khaytan to international destinations,https://www.skyscanner.com,Take the official airport express bus or taxi directly to city center.,
863,Abraq Khaytan,bus,Abraq Khaytan Central Bus Terminal,Intercity bus terminal with connections across Kuwait,https://www.flixbus.com,Local city bus or taxi service available outside the terminal.,
864,Ad Dasmah,plane,Ad Dasmah International Airport,Main airport connecting Ad Dasmah to international destinations,https://www.skyscanner.com,Take the official airport express bus or taxi directly to city center.,
865,Ad Dasmah,bus,Ad Dasmah Central Bus Terminal,Intercity bus terminal with connections across Kuwait,https://www.flixbus.com,Local city bus or taxi service available outside the terminal.,
866,Ad Dawhah,plane,Ad Dawhah International Airport,Main airport connecting Ad Dawhah to international destinations,https://www.skyscanner.com,Take the official airport express bus or taxi directly to city center.,
867,Ad Dawhah,bus,Ad Dawhah Central Bus Terminal,Intercity bus terminal with connections across Kuwait,https://www.flixbus.com,Local city bus or taxi service available outside the terminal.,
868,Bishkek,plane,Bishkek International Airport,Main airport connecting Bishkek to international destinations,https://www.skyscanner.com,Take the official airport express bus or taxi directly to city center.,
869,Bishkek,bus,Bishkek Central Bus Terminal,Intercity bus terminal with connections across Kyrgyzstan,https://www.flixbus.com,Local city bus or taxi service available outside the terminal.,
870,Batken Oblasty,plane,Batken Oblasty International Airport,Main airport connecting Batken Oblasty to international destinations,https://www.skyscanner.com,Take the official airport express bus or taxi directly to city center.,
871,Batken Oblasty,bus,Batken Oblasty Central Bus Terminal,Intercity bus terminal with connections across Kyrgyzstan,https://www.flixbus.com,Local city bus or taxi service available outside the terminal.,
872,Bishkek Shaary,plane,Bishkek Shaary International Airport,Main airport connecting Bishkek Shaary to international destinations,https://www.skyscanner.com,Take the official airport express bus or taxi directly to city center.,
873,Bishkek Shaary,bus,Bishkek Shaary Central Bus Terminal,Intercity bus terminal with connections across Kyrgyzstan,https://www.flixbus.com,Local city bus or taxi service available outside the terminal.,
874,Chuy Oblasty,plane,Chuy Oblasty International Airport,Main airport connecting Chuy Oblasty to international destinations,https://www.skyscanner.com,Take the official airport express bus or taxi directly to city center.,
875,Chuy Oblasty,bus,Chuy Oblasty Central Bus Terminal,Intercity bus terminal with connections across Kyrgyzstan,https://www.flixbus.com,Local city bus or taxi service available outside the terminal.,
876,Vientiane,plane,Vientiane International Airport,Main airport connecting Vientiane to international destinations,https://www.skyscanner.com,Take the official airport express bus or taxi directly to city center.,
877,Vientiane,bus,Vientiane Central Bus Terminal,Intercity bus terminal with connections across Laos,https://www.flixbus.com,Local city bus or taxi service available outside the terminal.,
878,Attapu,plane,Attapu International Airport,Main airport connecting Attapu to international destinations,https://www.skyscanner.com,Take the official airport express bus or taxi directly to city center.,
879,Attapu,bus,Attapu Central Bus Terminal,Intercity bus terminal with connections across Laos,https://www.flixbus.com,Local city bus or taxi service available outside the terminal.,
880,Bokeo,plane,Bokeo International Airport,Main airport connecting Bokeo to international destinations,https://www.skyscanner.com,Take the official airport express bus or taxi directly to city center.,
881,Bokeo,bus,Bokeo Central Bus Terminal,Intercity bus terminal with connections across Laos,https://www.flixbus.com,Local city bus or taxi service available outside the terminal.,
882,Bolikhamxai,plane,Bolikhamxai International Airport,Main airport connecting Bolikhamxai to international destinations,https://www.skyscanner.com,Take the official airport express bus or taxi directly to city center.,
883,Bolikhamxai,bus,Bolikhamxai Central Bus Terminal,Intercity bus terminal with connections across Laos,https://www.flixbus.com,Local city bus or taxi service available outside the terminal.,
884,Riga,plane,Riga International Airport,Main airport connecting Riga to international destinations,https://www.skyscanner.com,Take the official airport express bus or taxi directly to city center.,
885,Riga,bus,Riga Central Bus Terminal,Intercity bus terminal with connections across Latvia,https://www.flixbus.com,Local city bus or taxi service available outside the terminal.,
886,Adazi,plane,Adazi International Airport,Main airport connecting Adazi to international destinations,https://www.skyscanner.com,Take the official airport express bus or taxi directly to city center.,
887,Adazi,bus,Adazi Central Bus Terminal,Intercity bus terminal with connections across Latvia,https://www.flixbus.com,Local city bus or taxi service available outside the terminal.,
888,Agenskalns,plane,Agenskalns International Airport,Main airport connecting Agenskalns to international destinations,https://www.skyscanner.com,Take the official airport express bus or taxi directly to city center.,
889,Agenskalns,bus,Agenskalns Central Bus Terminal,Intercity bus terminal with connections across Latvia,https://www.flixbus.com,Local city bus or taxi service available outside the terminal.,
890,Aizkraukle,plane,Aizkraukle International Airport,Main airport connecting Aizkraukle to international destinations,https://www.skyscanner.com,Take the official airport express bus or taxi directly to city center.,
891,Aizkraukle,bus,Aizkraukle Central Bus Terminal,Intercity bus terminal with connections across Latvia,https://www.flixbus.com,Local city bus or taxi service available outside the terminal.,
892,Beirut,plane,Beirut International Airport,Main airport connecting Beirut to international destinations,https://www.skyscanner.com,Take the official airport express bus or taxi directly to city center.,
893,Beirut,bus,Beirut Central Bus Terminal,Intercity bus terminal with connections across Lebanon,https://www.flixbus.com,Local city bus or taxi service available outside the terminal.,
894,Aaley,plane,Aaley International Airport,Main airport connecting Aaley to international destinations,https://www.skyscanner.com,Take the official airport express bus or taxi directly to city center.,
895,Aaley,bus,Aaley Central Bus Terminal,Intercity bus terminal with connections across Lebanon,https://www.flixbus.com,Local city bus or taxi service available outside the terminal.,
896,Adma,plane,Adma International Airport,Main airport connecting Adma to international destinations,https://www.skyscanner.com,Take the official airport express bus or taxi directly to city center.,
897,Adma,bus,Adma Central Bus Terminal,Intercity bus terminal with connections across Lebanon,https://www.flixbus.com,Local city bus or taxi service available outside the terminal.,
898,Ashrafiye,plane,Ashrafiye International Airport,Main airport connecting Ashrafiye to international destinations,https://www.skyscanner.com,Take the official airport express bus or taxi directly to city center.,
899,Ashrafiye,bus,Ashrafiye Central Bus Terminal,Intercity bus terminal with connections across Lebanon,https://www.flixbus.com,Local city bus or taxi service available outside the terminal.,
900,Maseru,plane,Maseru International Airport,Main airport connecting Maseru to international destinations,https://www.skyscanner.com,Take the official airport express bus or taxi directly to city center.,
901,Maseru,bus,Maseru Central Bus Terminal,Intercity bus terminal with connections across Lesotho,https://www.flixbus.com,Local city bus or taxi service available outside the terminal.,
902,Berea,plane,Berea International Airport,Main airport connecting Berea to international destinations,https://www.skyscanner.com,Take the official airport express bus or taxi directly to city center.,
903,Berea,bus,Berea Central Bus Terminal,Intercity bus terminal with connections across Lesotho,https://www.flixbus.com,Local city bus or taxi service available outside the terminal.,
904,Butha-Buthe,plane,Butha-Buthe International Airport,Main airport connecting Butha-Buthe to international destinations,https://www.skyscanner.com,Take the official airport express bus or taxi directly to city center.,
905,Butha-Buthe,bus,Butha-Buthe Central Bus Terminal,Intercity bus terminal with connections across Lesotho,https://www.flixbus.com,Local city bus or taxi service available outside the terminal.,
906,Leribe,plane,Leribe International Airport,Main airport connecting Leribe to international destinations,https://www.skyscanner.com,Take the official airport express bus or taxi directly to city center.,
907,Leribe,bus,Leribe Central Bus Terminal,Intercity bus terminal with connections across Lesotho,https://www.flixbus.com,Local city bus or taxi service available outside the terminal.,
908,Monrovia,plane,Monrovia International Airport,Main airport connecting Monrovia to international destinations,https://www.skyscanner.com,Take the official airport express bus or taxi directly to city center.,
909,Monrovia,bus,Monrovia Central Bus Terminal,Intercity bus terminal with connections across Liberia,https://www.flixbus.com,Local city bus or taxi service available outside the terminal.,
910,Bomi,plane,Bomi International Airport,Main airport connecting Bomi to international destinations,https://www.skyscanner.com,Take the official airport express bus or taxi directly to city center.,
911,Bomi,bus,Bomi Central Bus Terminal,Intercity bus terminal with connections across Liberia,https://www.flixbus.com,Local city bus or taxi service available outside the terminal.,
912,Bong,plane,Bong International Airport,Main airport connecting Bong to international destinations,https://www.skyscanner.com,Take the official airport express bus or taxi directly to city center.,
913,Bong,bus,Bong Central Bus Terminal,Intercity bus terminal with connections across Liberia,https://www.flixbus.com,Local city bus or taxi service available outside the terminal.,
914,Gbarpolu,plane,Gbarpolu International Airport,Main airport connecting Gbarpolu to international destinations,https://www.skyscanner.com,Take the official airport express bus or taxi directly to city center.,
915,Gbarpolu,bus,Gbarpolu Central Bus Terminal,Intercity bus terminal with connections across Liberia,https://www.flixbus.com,Local city bus or taxi service available outside the terminal.,
916,Tripoli,plane,Tripoli International Airport,Main airport connecting Tripoli to international destinations,https://www.skyscanner.com,Take the official airport express bus or taxi directly to city center.,
917,Tripoli,bus,Tripoli Central Bus Terminal,Intercity bus terminal with connections across Libya,https://www.flixbus.com,Local city bus or taxi service available outside the terminal.,
918,Benghazi,plane,Benghazi International Airport,Main airport connecting Benghazi to international destinations,https://www.skyscanner.com,Take the official airport express bus or taxi directly to city center.,
919,Benghazi,bus,Benghazi Central Bus Terminal,Intercity bus terminal with connections across Libya,https://www.flixbus.com,Local city bus or taxi service available outside the terminal.,
920,Misratah,plane,Misratah International Airport,Main airport connecting Misratah to international destinations,https://www.skyscanner.com,Take the official airport express bus or taxi directly to city center.,
921,Misratah,bus,Misratah Central Bus Terminal,Intercity bus terminal with connections across Libya,https://www.flixbus.com,Local city bus or taxi service available outside the terminal.,
922,Sabha,plane,Sabha International Airport,Main airport connecting Sabha to international destinations,https://www.skyscanner.com,Take the official airport express bus or taxi directly to city center.,
923,Sabha,bus,Sabha Central Bus Terminal,Intercity bus terminal with connections across Libya,https://www.flixbus.com,Local city bus or taxi service available outside the terminal.,
924,Vaduz,plane,Vaduz International Airport,Main airport connecting Vaduz to international destinations,https://www.skyscanner.com,Take the official airport express bus or taxi directly to city center.,
925,Vaduz,bus,Vaduz Central Bus Terminal,Intercity bus terminal with connections across Liechtenstein,https://www.flixbus.com,Local city bus or taxi service available outside the terminal.,
926,Balzers,plane,Balzers International Airport,Main airport connecting Balzers to international destinations,https://www.skyscanner.com,Take the official airport express bus or taxi directly to city center.,
927,Balzers,bus,Balzers Central Bus Terminal,Intercity bus terminal with connections across Liechtenstein,https://www.flixbus.com,Local city bus or taxi service available outside the terminal.,
928,Bendern,plane,Bendern International Airport,Main airport connecting Bendern to international destinations,https://www.skyscanner.com,Take the official airport express bus or taxi directly to city center.,
929,Bendern,bus,Bendern Central Bus Terminal,Intercity bus terminal with connections across Liechtenstein,https://www.flixbus.com,Local city bus or taxi service available outside the terminal.,
930,Eschen,plane,Eschen International Airport,Main airport connecting Eschen to international destinations,https://www.skyscanner.com,Take the official airport express bus or taxi directly to city center.,
931,Eschen,bus,Eschen Central Bus Terminal,Intercity bus terminal with connections across Liechtenstein,https://www.flixbus.com,Local city bus or taxi service available outside the terminal.,
932,Vilnius,plane,Vilnius International Airport,Main airport connecting Vilnius to international destinations,https://www.skyscanner.com,Take the official airport express bus or taxi directly to city center.,
933,Vilnius,bus,Vilnius Central Bus Terminal,Intercity bus terminal with connections across Lithuania,https://www.flixbus.com,Local city bus or taxi service available outside the terminal.,
934,Alytus,plane,Alytus International Airport,Main airport connecting Alytus to international destinations,https://www.skyscanner.com,Take the official airport express bus or taxi directly to city center.,
935,Alytus,bus,Alytus Central Bus Terminal,Intercity bus terminal with connections across Lithuania,https://www.flixbus.com,Local city bus or taxi service available outside the terminal.,
936,Anciskiai,plane,Anciskiai International Airport,Main airport connecting Anciskiai to international destinations,https://www.skyscanner.com,Take the official airport express bus or taxi directly to city center.,
937,Anciskiai,bus,Anciskiai Central Bus Terminal,Intercity bus terminal with connections across Lithuania,https://www.flixbus.com,Local city bus or taxi service available outside the terminal.,
938,Antakalnis,plane,Antakalnis International Airport,Main airport connecting Antakalnis to international destinations,https://www.skyscanner.com,Take the official airport express bus or taxi directly to city center.,
939,Antakalnis,bus,Antakalnis Central Bus Terminal,Intercity bus terminal with connections across Lithuania,https://www.flixbus.com,Local city bus or taxi service available outside the terminal.,
940,Luxembourg,plane,Luxembourg International Airport,Main airport connecting Luxembourg to international destinations,https://www.skyscanner.com,Take the official airport express bus or taxi directly to city center.,
941,Luxembourg,bus,Luxembourg Central Bus Terminal,Intercity bus terminal with connections across Luxembourg,https://www.flixbus.com,Local city bus or taxi service available outside the terminal.,
942,Ahn,plane,Ahn International Airport,Main airport connecting Ahn to international destinations,https://www.skyscanner.com,Take the official airport express bus or taxi directly to city center.,
943,Ahn,bus,Ahn Central Bus Terminal,Intercity bus terminal with connections across Luxembourg,https://www.flixbus.com,Local city bus or taxi service available outside the terminal.,
944,Alzingen,plane,Alzingen International Airport,Main airport connecting Alzingen to international destinations,https://www.skyscanner.com,Take the official airport express bus or taxi directly to city center.,
945,Alzingen,bus,Alzingen Central Bus Terminal,Intercity bus terminal with connections across Luxembourg,https://www.flixbus.com,Local city bus or taxi service available outside the terminal.,
946,Bascharage,plane,Bascharage International Airport,Main airport connecting Bascharage to international destinations,https://www.skyscanner.com,Take the official airport express bus or taxi directly to city center.,
947,Bascharage,bus,Bascharage Central Bus Terminal,Intercity bus terminal with connections across Luxembourg,https://www.flixbus.com,Local city bus or taxi service available outside the terminal.,
948,Aomen,plane,Aomen International Airport,Main airport connecting Aomen to international destinations,https://www.skyscanner.com,Take the official airport express bus or taxi directly to city center.,
949,Aomen,bus,Aomen Central Bus Terminal,Intercity bus terminal with connections across Macau,https://www.flixbus.com,Local city bus or taxi service available outside the terminal.,
950,Aumwnz,plane,Aumwnz International Airport,Main airport connecting Aumwnz to international destinations,https://www.skyscanner.com,Take the official airport express bus or taxi directly to city center.,
951,Aumwnz,bus,Aumwnz Central Bus Terminal,Intercity bus terminal with connections across Macau,https://www.flixbus.com,Local city bus or taxi service available outside the terminal.,
952,Bán đảo Ma Cao,plane,Bán đảo Ma Cao International Airport,Main airport connecting Bán đảo Ma Cao to international destinations,https://www.skyscanner.com,Take the official airport express bus or taxi directly to city center.,
953,Bán đảo Ma Cao,bus,Bán đảo Ma Cao Central Bus Terminal,Intercity bus terminal with connections across Macau,https://www.flixbus.com,Local city bus or taxi service available outside the terminal.,
954,Cheoc Ca Chün,plane,Cheoc Ca Chün International Airport,Main airport connecting Cheoc Ca Chün to international destinations,https://www.skyscanner.com,Take the official airport express bus or taxi directly to city center.,
955,Cheoc Ca Chün,bus,Cheoc Ca Chün Central Bus Terminal,Intercity bus terminal with connections across Macau,https://www.flixbus.com,Local city bus or taxi service available outside the terminal.,
956,Antananarivo,plane,Antananarivo International Airport,Main airport connecting Antananarivo to international destinations,https://www.skyscanner.com,Take the official airport express bus or taxi directly to city center.,
957,Antananarivo,bus,Antananarivo Central Bus Terminal,Intercity bus terminal with connections across Madagascar,https://www.flixbus.com,Local city bus or taxi service available outside the terminal.,
958,Ambanja,plane,Ambanja International Airport,Main airport connecting Ambanja to international destinations,https://www.skyscanner.com,Take the official airport express bus or taxi directly to city center.,
959,Ambanja,bus,Ambanja Central Bus Terminal,Intercity bus terminal with connections across Madagascar,https://www.flixbus.com,Local city bus or taxi service available outside the terminal.,
960,Antsirabe,plane,Antsirabe International Airport,Main airport connecting Antsirabe to international destinations,https://www.skyscanner.com,Take the official airport express bus or taxi directly to city center.,
961,Antsirabe,bus,Antsirabe Central Bus Terminal,Intercity bus terminal with connections across Madagascar,https://www.flixbus.com,Local city bus or taxi service available outside the terminal.,
962,Antsiranana,plane,Antsiranana International Airport,Main airport connecting Antsiranana to international destinations,https://www.skyscanner.com,Take the official airport express bus or taxi directly to city center.,
963,Antsiranana,bus,Antsiranana Central Bus Terminal,Intercity bus terminal with connections across Madagascar,https://www.flixbus.com,Local city bus or taxi service available outside the terminal.,
964,Lilongwe,plane,Lilongwe International Airport,Main airport connecting Lilongwe to international destinations,https://www.skyscanner.com,Take the official airport express bus or taxi directly to city center.,
965,Lilongwe,bus,Lilongwe Central Bus Terminal,Intercity bus terminal with connections across Malawi,https://www.flixbus.com,Local city bus or taxi service available outside the terminal.,
966,Balaka,plane,Balaka International Airport,Main airport connecting Balaka to international destinations,https://www.skyscanner.com,Take the official airport express bus or taxi directly to city center.,
967,Balaka,bus,Balaka Central Bus Terminal,Intercity bus terminal with connections across Malawi,https://www.flixbus.com,Local city bus or taxi service available outside the terminal.,
968,Blantyre,plane,Blantyre International Airport,Main airport connecting Blantyre to international destinations,https://www.skyscanner.com,Take the official airport express bus or taxi directly to city center.,
969,Blantyre,bus,Blantyre Central Bus Terminal,Intercity bus terminal with connections across Malawi,https://www.flixbus.com,Local city bus or taxi service available outside the terminal.,
970,Chikwawa,plane,Chikwawa International Airport,Main airport connecting Chikwawa to international destinations,https://www.skyscanner.com,Take the official airport express bus or taxi directly to city center.,
971,Chikwawa,bus,Chikwawa Central Bus Terminal,Intercity bus terminal with connections across Malawi,https://www.flixbus.com,Local city bus or taxi service available outside the terminal.,
972,Kuala Lumpur,plane,Kuala Lumpur International Airport,Main airport connecting Kuala Lumpur to international destinations,https://www.skyscanner.com,Take the official airport express bus or taxi directly to city center.,
973,Kuala Lumpur,bus,Kuala Lumpur Central Bus Terminal,Intercity bus terminal with connections across Malaysia,https://www.flixbus.com,Local city bus or taxi service available outside the terminal.,
974,Alor Gajah,plane,Alor Gajah International Airport,Main airport connecting Alor Gajah to international destinations,https://www.skyscanner.com,Take the official airport express bus or taxi directly to city center.,
975,Alor Gajah,bus,Alor Gajah Central Bus Terminal,Intercity bus terminal with connections across Malaysia,https://www.flixbus.com,Local city bus or taxi service available outside the terminal.,
976,Alor Star,plane,Alor Star International Airport,Main airport connecting Alor Star to international destinations,https://www.skyscanner.com,Take the official airport express bus or taxi directly to city center.,
977,Alor Star,bus,Alor Star Central Bus Terminal,Intercity bus terminal with connections across Malaysia,https://www.flixbus.com,Local city bus or taxi service available outside the terminal.,
978,Ampang,plane,Ampang International Airport,Main airport connecting Ampang to international destinations,https://www.skyscanner.com,Take the official airport express bus or taxi directly to city center.,
979,Ampang,bus,Ampang Central Bus Terminal,Intercity bus terminal with connections across Malaysia,https://www.flixbus.com,Local city bus or taxi service available outside the terminal.,
980,Malé,plane,Malé International Airport,Main airport connecting Malé to international destinations,https://www.skyscanner.com,Take the official airport express bus or taxi directly to city center.,
981,Malé,bus,Malé Central Bus Terminal,Intercity bus terminal with connections across Maldives,https://www.flixbus.com,Local city bus or taxi service available outside the terminal.,
982,Alifu,plane,Alifu International Airport,Main airport connecting Alifu to international destinations,https://www.skyscanner.com,Take the official airport express bus or taxi directly to city center.,
983,Alifu,bus,Alifu Central Bus Terminal,Intercity bus terminal with connections across Maldives,https://www.flixbus.com,Local city bus or taxi service available outside the terminal.,
984,Baa,plane,Baa International Airport,Main airport connecting Baa to international destinations,https://www.skyscanner.com,Take the official airport express bus or taxi directly to city center.,
985,Baa,bus,Baa Central Bus Terminal,Intercity bus terminal with connections across Maldives,https://www.flixbus.com,Local city bus or taxi service available outside the terminal.,
986,Dhaalu,plane,Dhaalu International Airport,Main airport connecting Dhaalu to international destinations,https://www.skyscanner.com,Take the official airport express bus or taxi directly to city center.,
987,Dhaalu,bus,Dhaalu Central Bus Terminal,Intercity bus terminal with connections across Maldives,https://www.flixbus.com,Local city bus or taxi service available outside the terminal.,
988,Bamako,plane,Bamako International Airport,Main airport connecting Bamako to international destinations,https://www.skyscanner.com,Take the official airport express bus or taxi directly to city center.,
989,Bamako,bus,Bamako Central Bus Terminal,Intercity bus terminal with connections across Mali,https://www.flixbus.com,Local city bus or taxi service available outside the terminal.,
990,Bamako (Capital),plane,Bamako (Capital) International Airport,Main airport connecting Bamako (Capital) to international destinations,https://www.skyscanner.com,Take the official airport express bus or taxi directly to city center.,
991,Bamako (Capital),bus,Bamako (Capital) Central Bus Terminal,Intercity bus terminal with connections across Mali,https://www.flixbus.com,Local city bus or taxi service available outside the terminal.,
992,Gao,plane,Gao International Airport,Main airport connecting Gao to international destinations,https://www.skyscanner.com,Take the official airport express bus or taxi directly to city center.,
993,Gao,bus,Gao Central Bus Terminal,Intercity bus terminal with connections across Mali,https://www.flixbus.com,Local city bus or taxi service available outside the terminal.,
994,Kayes,plane,Kayes International Airport,Main airport connecting Kayes to international destinations,https://www.skyscanner.com,Take the official airport express bus or taxi directly to city center.,
995,Kayes,bus,Kayes Central Bus Terminal,Intercity bus terminal with connections across Mali,https://www.flixbus.com,Local city bus or taxi service available outside the terminal.,
996,Valletta,plane,Valletta International Airport,Main airport connecting Valletta to international destinations,https://www.skyscanner.com,Take the official airport express bus or taxi directly to city center.,
997,Valletta,bus,Valletta Central Bus Terminal,Intercity bus terminal with connections across Malta,https://www.flixbus.com,Local city bus or taxi service available outside the terminal.,
998,Attard,plane,Attard International Airport,Main airport connecting Attard to international destinations,https://www.skyscanner.com,Take the official airport express bus or taxi directly to city center.,
999,Attard,bus,Attard Central Bus Terminal,Intercity bus terminal with connections across Malta,https://www.flixbus.com,Local city bus or taxi service available outside the terminal.,
1000,Balzan,plane,Balzan International Airport,Main airport connecting Balzan to international destinations,https://www.skyscanner.com,Take the official airport express bus or taxi directly to city center.,
1001,Balzan,bus,Balzan Central Bus Terminal,Intercity bus terminal with connections across Malta,https://www.flixbus.com,Local city bus or taxi service available outside the terminal.,
1002,Bingemma,plane,Bingemma International Airport,Main airport connecting Bingemma to international destinations,https://www.skyscanner.com,Take the official airport express bus or taxi directly to city center.,
1003,Bingemma,bus,Bingemma Central Bus Terminal,Intercity bus terminal with connections across Malta,https://www.flixbus.com,Local city bus or taxi service available outside the terminal.,
1004,Majuro,plane,Majuro International Airport,Main airport connecting Majuro to international destinations,https://www.skyscanner.com,Take the official airport express bus or taxi directly to city center.,
1005,Majuro,bus,Majuro Central Bus Terminal,Intercity bus terminal with connections across Marshall Islands,https://www.flixbus.com,Local city bus or taxi service available outside the terminal.,
1006,Ebaye,plane,Ebaye International Airport,Main airport connecting Ebaye to international destinations,https://www.skyscanner.com,Take the official airport express bus or taxi directly to city center.,
1007,Ebaye,bus,Ebaye Central Bus Terminal,Intercity bus terminal with connections across Marshall Islands,https://www.flixbus.com,Local city bus or taxi service available outside the terminal.,
1008,Arno,plane,Arno International Airport,Main airport connecting Arno to international destinations,https://www.skyscanner.com,Take the official airport express bus or taxi directly to city center.,
1009,Arno,bus,Arno Central Bus Terminal,Intercity bus terminal with connections across Marshall Islands,https://www.flixbus.com,Local city bus or taxi service available outside the terminal.,
1010,Jabor,plane,Jabor International Airport,Main airport connecting Jabor to international destinations,https://www.skyscanner.com,Take the official airport express bus or taxi directly to city center.,
1011,Jabor,bus,Jabor Central Bus Terminal,Intercity bus terminal with connections across Marshall Islands,https://www.flixbus.com,Local city bus or taxi service available outside the terminal.,
1012,Fort-de-France,plane,Fort-de-France International Airport,Main airport connecting Fort-de-France to international destinations,https://www.skyscanner.com,Take the official airport express bus or taxi directly to city center.,
1013,Fort-de-France,bus,Fort-de-France Central Bus Terminal,Intercity bus terminal with connections across Martinique,https://www.flixbus.com,Local city bus or taxi service available outside the terminal.,
1014,Case-Pilote,plane,Case-Pilote International Airport,Main airport connecting Case-Pilote to international destinations,https://www.skyscanner.com,Take the official airport express bus or taxi directly to city center.,
1015,Case-Pilote,bus,Case-Pilote Central Bus Terminal,Intercity bus terminal with connections across Martinique,https://www.flixbus.com,Local city bus or taxi service available outside the terminal.,
1016,Ducos,plane,Ducos International Airport,Main airport connecting Ducos to international destinations,https://www.skyscanner.com,Take the official airport express bus or taxi directly to city center.,
1017,Ducos,bus,Ducos Central Bus Terminal,Intercity bus terminal with connections across Martinique,https://www.flixbus.com,Local city bus or taxi service available outside the terminal.,
1018,Le Carbet,plane,Le Carbet International Airport,Main airport connecting Le Carbet to international destinations,https://www.skyscanner.com,Take the official airport express bus or taxi directly to city center.,
1019,Le Carbet,bus,Le Carbet Central Bus Terminal,Intercity bus terminal with connections across Martinique,https://www.flixbus.com,Local city bus or taxi service available outside the terminal.,
1020,Nouakchott,plane,Nouakchott International Airport,Main airport connecting Nouakchott to international destinations,https://www.skyscanner.com,Take the official airport express bus or taxi directly to city center.,
1021,Nouakchott,bus,Nouakchott Central Bus Terminal,Intercity bus terminal with connections across Mauritania,https://www.flixbus.com,Local city bus or taxi service available outside the terminal.,
1022,Adrar,plane,Adrar International Airport,Main airport connecting Adrar to international destinations,https://www.skyscanner.com,Take the official airport express bus or taxi directly to city center.,
1023,Adrar,bus,Adrar Central Bus Terminal,Intercity bus terminal with connections across Mauritania,https://www.flixbus.com,Local city bus or taxi service available outside the terminal.,
1024,Assaba,plane,Assaba International Airport,Main airport connecting Assaba to international destinations,https://www.skyscanner.com,Take the official airport express bus or taxi directly to city center.,
1025,Assaba,bus,Assaba Central Bus Terminal,Intercity bus terminal with connections across Mauritania,https://www.flixbus.com,Local city bus or taxi service available outside the terminal.,
1026,Brakna,plane,Brakna International Airport,Main airport connecting Brakna to international destinations,https://www.skyscanner.com,Take the official airport express bus or taxi directly to city center.,
1027,Brakna,bus,Brakna Central Bus Terminal,Intercity bus terminal with connections across Mauritania,https://www.flixbus.com,Local city bus or taxi service available outside the terminal.,
1028,Port Louis,plane,Port Louis International Airport,Main airport connecting Port Louis to international destinations,https://www.skyscanner.com,Take the official airport express bus or taxi directly to city center.,
1029,Port Louis,bus,Port Louis Central Bus Terminal,Intercity bus terminal with connections across Mauritius,https://www.flixbus.com,Local city bus or taxi service available outside the terminal.,
1030,Beau Bassin,plane,Beau Bassin International Airport,Main airport connecting Beau Bassin to international destinations,https://www.skyscanner.com,Take the official airport express bus or taxi directly to city center.,
1031,Beau Bassin,bus,Beau Bassin Central Bus Terminal,Intercity bus terminal with connections across Mauritius,https://www.flixbus.com,Local city bus or taxi service available outside the terminal.,
1032,Chemin Grenier,plane,Chemin Grenier International Airport,Main airport connecting Chemin Grenier to international destinations,https://www.skyscanner.com,Take the official airport express bus or taxi directly to city center.,
1033,Chemin Grenier,bus,Chemin Grenier Central Bus Terminal,Intercity bus terminal with connections across Mauritius,https://www.flixbus.com,Local city bus or taxi service available outside the terminal.,
1034,Ebene CyberCity,plane,Ebene CyberCity International Airport,Main airport connecting Ebene CyberCity to international destinations,https://www.skyscanner.com,Take the official airport express bus or taxi directly to city center.,
1035,Ebene CyberCity,bus,Ebene CyberCity Central Bus Terminal,Intercity bus terminal with connections across Mauritius,https://www.flixbus.com,Local city bus or taxi service available outside the terminal.,
1036,Mamoudzou,plane,Mamoudzou International Airport,Main airport connecting Mamoudzou to international destinations,https://www.skyscanner.com,Take the official airport express bus or taxi directly to city center.,
1037,Mamoudzou,bus,Mamoudzou Central Bus Terminal,Intercity bus terminal with connections across Mayotte,https://www.flixbus.com,Local city bus or taxi service available outside the terminal.,
1038,Bandaboa,plane,Bandaboa International Airport,Main airport connecting Bandaboa to international destinations,https://www.skyscanner.com,Take the official airport express bus or taxi directly to city center.,
1039,Bandaboa,bus,Bandaboa Central Bus Terminal,Intercity bus terminal with connections across Mayotte,https://www.flixbus.com,Local city bus or taxi service available outside the terminal.,
1040,Chiconi,plane,Chiconi International Airport,Main airport connecting Chiconi to international destinations,https://www.skyscanner.com,Take the official airport express bus or taxi directly to city center.,
1041,Chiconi,bus,Chiconi Central Bus Terminal,Intercity bus terminal with connections across Mayotte,https://www.flixbus.com,Local city bus or taxi service available outside the terminal.,
1042,Combani,plane,Combani International Airport,Main airport connecting Combani to international destinations,https://www.skyscanner.com,Take the official airport express bus or taxi directly to city center.,
1043,Combani,bus,Combani Central Bus Terminal,Intercity bus terminal with connections across Mayotte,https://www.flixbus.com,Local city bus or taxi service available outside the terminal.,
1044,Mexico City,plane,Mexico City International Airport,Main airport connecting Mexico City to international destinations,https://www.skyscanner.com,Take the official airport express bus or taxi directly to city center.,
1045,Mexico City,bus,Mexico City Central Bus Terminal,Intercity bus terminal with connections across Mexico,https://www.flixbus.com,Local city bus or taxi service available outside the terminal.,
1046,Abasolo,plane,Abasolo International Airport,Main airport connecting Abasolo to international destinations,https://www.skyscanner.com,Take the official airport express bus or taxi directly to city center.,
1047,Abasolo,bus,Abasolo Central Bus Terminal,Intercity bus terminal with connections across Mexico,https://www.flixbus.com,Local city bus or taxi service available outside the terminal.,
1048,Acambaro,plane,Acambaro International Airport,Main airport connecting Acambaro to international destinations,https://www.skyscanner.com,Take the official airport express bus or taxi directly to city center.,
1049,Acambaro,bus,Acambaro Central Bus Terminal,Intercity bus terminal with connections across Mexico,https://www.flixbus.com,Local city bus or taxi service available outside the terminal.,
1050,Acambay,plane,Acambay International Airport,Main airport connecting Acambay to international destinations,https://www.skyscanner.com,Take the official airport express bus or taxi directly to city center.,
1051,Acambay,bus,Acambay Central Bus Terminal,Intercity bus terminal with connections across Mexico,https://www.flixbus.com,Local city bus or taxi service available outside the terminal.,
1052,Palikir,plane,Palikir International Airport,Main airport connecting Palikir to international destinations,https://www.skyscanner.com,Take the official airport express bus or taxi directly to city center.,
1053,Palikir,bus,Palikir Central Bus Terminal,Intercity bus terminal with connections across Micronesia,https://www.flixbus.com,Local city bus or taxi service available outside the terminal.,
1054,Chișinău,plane,Chișinău International Airport,Main airport connecting Chișinău to international destinations,https://www.skyscanner.com,Take the official airport express bus or taxi directly to city center.,
1055,Chișinău,bus,Chișinău Central Bus Terminal,Intercity bus terminal with connections across Moldova,https://www.flixbus.com,Local city bus or taxi service available outside the terminal.,
1056,Anenii Noi,plane,Anenii Noi International Airport,Main airport connecting Anenii Noi to international destinations,https://www.skyscanner.com,Take the official airport express bus or taxi directly to city center.,
1057,Anenii Noi,bus,Anenii Noi Central Bus Terminal,Intercity bus terminal with connections across Moldova,https://www.flixbus.com,Local city bus or taxi service available outside the terminal.,
1058,Briceni,plane,Briceni International Airport,Main airport connecting Briceni to international destinations,https://www.skyscanner.com,Take the official airport express bus or taxi directly to city center.,
1059,Briceni,bus,Briceni Central Bus Terminal,Intercity bus terminal with connections across Moldova,https://www.flixbus.com,Local city bus or taxi service available outside the terminal.,
1060,Cahul,plane,Cahul International Airport,Main airport connecting Cahul to international destinations,https://www.skyscanner.com,Take the official airport express bus or taxi directly to city center.,
1061,Cahul,bus,Cahul Central Bus Terminal,Intercity bus terminal with connections across Moldova,https://www.flixbus.com,Local city bus or taxi service available outside the terminal.,
1062,Monaco,plane,Monaco International Airport,Main airport connecting Monaco to international destinations,https://www.skyscanner.com,Take the official airport express bus or taxi directly to city center.,
1063,Monaco,bus,Monaco Central Bus Terminal,Intercity bus terminal with connections across Monaco,https://www.flixbus.com,Local city bus or taxi service available outside the terminal.,
1064,Ulan Bator,plane,Ulan Bator International Airport,Main airport connecting Ulan Bator to international destinations,https://www.skyscanner.com,Take the official airport express bus or taxi directly to city center.,
1065,Ulan Bator,bus,Ulan Bator Central Bus Terminal,Intercity bus terminal with connections across Mongolia,https://www.flixbus.com,Local city bus or taxi service available outside the terminal.,
1066,Altai,plane,Altai International Airport,Main airport connecting Altai to international destinations,https://www.skyscanner.com,Take the official airport express bus or taxi directly to city center.,
1067,Altai,bus,Altai Central Bus Terminal,Intercity bus terminal with connections across Mongolia,https://www.flixbus.com,Local city bus or taxi service available outside the terminal.,
1068,Arvayheer,plane,Arvayheer International Airport,Main airport connecting Arvayheer to international destinations,https://www.skyscanner.com,Take the official airport express bus or taxi directly to city center.,
1069,Arvayheer,bus,Arvayheer Central Bus Terminal,Intercity bus terminal with connections across Mongolia,https://www.flixbus.com,Local city bus or taxi service available outside the terminal.,
1070,Baruun-Urt,plane,Baruun-Urt International Airport,Main airport connecting Baruun-Urt to international destinations,https://www.skyscanner.com,Take the official airport express bus or taxi directly to city center.,
1071,Baruun-Urt,bus,Baruun-Urt Central Bus Terminal,Intercity bus terminal with connections across Mongolia,https://www.flixbus.com,Local city bus or taxi service available outside the terminal.,
1072,Podgorica,plane,Podgorica International Airport,Main airport connecting Podgorica to international destinations,https://www.skyscanner.com,Take the official airport express bus or taxi directly to city center.,
1073,Podgorica,bus,Podgorica Central Bus Terminal,Intercity bus terminal with connections across Montenegro,https://www.flixbus.com,Local city bus or taxi service available outside the terminal.,
1074,Budva,plane,Budva International Airport,Main airport connecting Budva to international destinations,https://www.skyscanner.com,Take the official airport express bus or taxi directly to city center.,
1075,Budva,bus,Budva Central Bus Terminal,Intercity bus terminal with connections across Montenegro,https://www.flixbus.com,Local city bus or taxi service available outside the terminal.,
1076,Crna Gora,plane,Crna Gora International Airport,Main airport connecting Crna Gora to international destinations,https://www.skyscanner.com,Take the official airport express bus or taxi directly to city center.,
1077,Crna Gora,bus,Crna Gora Central Bus Terminal,Intercity bus terminal with connections across Montenegro,https://www.flixbus.com,Local city bus or taxi service available outside the terminal.,
1078,Herceg Novi,plane,Herceg Novi International Airport,Main airport connecting Herceg Novi to international destinations,https://www.skyscanner.com,Take the official airport express bus or taxi directly to city center.,
1079,Herceg Novi,bus,Herceg Novi Central Bus Terminal,Intercity bus terminal with connections across Montenegro,https://www.flixbus.com,Local city bus or taxi service available outside the terminal.,
1080,Plymouth,plane,Plymouth International Airport,Main airport connecting Plymouth to international destinations,https://www.skyscanner.com,Take the official airport express bus or taxi directly to city center.,
1081,Plymouth,bus,Plymouth Central Bus Terminal,Intercity bus terminal with connections across Montserrat,https://www.flixbus.com,Local city bus or taxi service available outside the terminal.,
1082,Amersham,plane,Amersham International Airport,Main airport connecting Amersham to international destinations,https://www.skyscanner.com,Take the official airport express bus or taxi directly to city center.,
1083,Amersham,bus,Amersham Central Bus Terminal,Intercity bus terminal with connections across Montserrat,https://www.flixbus.com,Local city bus or taxi service available outside the terminal.,
1084,Baker Hill,plane,Baker Hill International Airport,Main airport connecting Baker Hill to international destinations,https://www.skyscanner.com,Take the official airport express bus or taxi directly to city center.,
1085,Baker Hill,bus,Baker Hill Central Bus Terminal,Intercity bus terminal with connections across Montserrat,https://www.flixbus.com,Local city bus or taxi service available outside the terminal.,
1086,Bank Level,plane,Bank Level International Airport,Main airport connecting Bank Level to international destinations,https://www.skyscanner.com,Take the official airport express bus or taxi directly to city center.,
1087,Bank Level,bus,Bank Level Central Bus Terminal,Intercity bus terminal with connections across Montserrat,https://www.flixbus.com,Local city bus or taxi service available outside the terminal.,
1088,Rabat,plane,Rabat International Airport,Main airport connecting Rabat to international destinations,https://www.skyscanner.com,Take the official airport express bus or taxi directly to city center.,
1089,Rabat,bus,Rabat Central Bus Terminal,Intercity bus terminal with connections across Morocco,https://www.flixbus.com,Local city bus or taxi service available outside the terminal.,
1090,Afourer,plane,Afourer International Airport,Main airport connecting Afourer to international destinations,https://www.skyscanner.com,Take the official airport express bus or taxi directly to city center.,
1091,Afourer,bus,Afourer Central Bus Terminal,Intercity bus terminal with connections across Morocco,https://www.flixbus.com,Local city bus or taxi service available outside the terminal.,
1092,Agadir,plane,Agadir International Airport,Main airport connecting Agadir to international destinations,https://www.skyscanner.com,Take the official airport express bus or taxi directly to city center.,
1093,Agadir,bus,Agadir Central Bus Terminal,Intercity bus terminal with connections across Morocco,https://www.flixbus.com,Local city bus or taxi service available outside the terminal.,
1094,Ait Melloul,plane,Ait Melloul International Airport,Main airport connecting Ait Melloul to international destinations,https://www.skyscanner.com,Take the official airport express bus or taxi directly to city center.,
1095,Ait Melloul,bus,Ait Melloul Central Bus Terminal,Intercity bus terminal with connections across Morocco,https://www.flixbus.com,Local city bus or taxi service available outside the terminal.,
1096,Maputo,plane,Maputo International Airport,Main airport connecting Maputo to international destinations,https://www.skyscanner.com,Take the official airport express bus or taxi directly to city center.,
1097,Maputo,bus,Maputo Central Bus Terminal,Intercity bus terminal with connections across Mozambique,https://www.flixbus.com,Local city bus or taxi service available outside the terminal.,
1098,Beira,plane,Beira International Airport,Main airport connecting Beira to international destinations,https://www.skyscanner.com,Take the official airport express bus or taxi directly to city center.,
1099,Beira,bus,Beira Central Bus Terminal,Intercity bus terminal with connections across Mozambique,https://www.flixbus.com,Local city bus or taxi service available outside the terminal.,
1100,Matola,plane,Matola International Airport,Main airport connecting Matola to international destinations,https://www.skyscanner.com,Take the official airport express bus or taxi directly to city center.,
1101,Matola,bus,Matola Central Bus Terminal,Intercity bus terminal with connections across Mozambique,https://www.flixbus.com,Local city bus or taxi service available outside the terminal.,
1102,Mozambique,plane,Mozambique International Airport,Main airport connecting Mozambique to international destinations,https://www.skyscanner.com,Take the official airport express bus or taxi directly to city center.,
1103,Mozambique,bus,Mozambique Central Bus Terminal,Intercity bus terminal with connections across Mozambique,https://www.flixbus.com,Local city bus or taxi service available outside the terminal.,
1104,Naypyidaw,plane,Naypyidaw International Airport,Main airport connecting Naypyidaw to international destinations,https://www.skyscanner.com,Take the official airport express bus or taxi directly to city center.,
1105,Naypyidaw,bus,Naypyidaw Central Bus Terminal,Intercity bus terminal with connections across Myanmar,https://www.flixbus.com,Local city bus or taxi service available outside the terminal.,
1106,Ayeyarwady,plane,Ayeyarwady International Airport,Main airport connecting Ayeyarwady to international destinations,https://www.skyscanner.com,Take the official airport express bus or taxi directly to city center.,
1107,Ayeyarwady,bus,Ayeyarwady Central Bus Terminal,Intercity bus terminal with connections across Myanmar,https://www.flixbus.com,Local city bus or taxi service available outside the terminal.,
1108,Bago,plane,Bago International Airport,Main airport connecting Bago to international destinations,https://www.skyscanner.com,Take the official airport express bus or taxi directly to city center.,
1109,Bago,bus,Bago Central Bus Terminal,Intercity bus terminal with connections across Myanmar,https://www.flixbus.com,Local city bus or taxi service available outside the terminal.,
1110,Magway,plane,Magway International Airport,Main airport connecting Magway to international destinations,https://www.skyscanner.com,Take the official airport express bus or taxi directly to city center.,
1111,Magway,bus,Magway Central Bus Terminal,Intercity bus terminal with connections across Myanmar,https://www.flixbus.com,Local city bus or taxi service available outside the terminal.,
1112,Windhoek,plane,Windhoek International Airport,Main airport connecting Windhoek to international destinations,https://www.skyscanner.com,Take the official airport express bus or taxi directly to city center.,
1113,Windhoek,bus,Windhoek Central Bus Terminal,Intercity bus terminal with connections across Namibia,https://www.flixbus.com,Local city bus or taxi service available outside the terminal.,
1114,Etunda,plane,Etunda International Airport,Main airport connecting Etunda to international destinations,https://www.skyscanner.com,Take the official airport express bus or taxi directly to city center.,
1115,Etunda,bus,Etunda Central Bus Terminal,Intercity bus terminal with connections across Namibia,https://www.flixbus.com,Local city bus or taxi service available outside the terminal.,
1116,Grootfontein,plane,Grootfontein International Airport,Main airport connecting Grootfontein to international destinations,https://www.skyscanner.com,Take the official airport express bus or taxi directly to city center.,
1117,Grootfontein,bus,Grootfontein Central Bus Terminal,Intercity bus terminal with connections across Namibia,https://www.flixbus.com,Local city bus or taxi service available outside the terminal.,
1118,Katima Mulilo,plane,Katima Mulilo International Airport,Main airport connecting Katima Mulilo to international destinations,https://www.skyscanner.com,Take the official airport express bus or taxi directly to city center.,
1119,Katima Mulilo,bus,Katima Mulilo Central Bus Terminal,Intercity bus terminal with connections across Namibia,https://www.flixbus.com,Local city bus or taxi service available outside the terminal.,
1120,Yaren,plane,Yaren International Airport,Main airport connecting Yaren to international destinations,https://www.skyscanner.com,Take the official airport express bus or taxi directly to city center.,
1121,Yaren,bus,Yaren Central Bus Terminal,Intercity bus terminal with connections across Nauru,https://www.flixbus.com,Local city bus or taxi service available outside the terminal.,
1122,Arijejen,plane,Arijejen International Airport,Main airport connecting Arijejen to international destinations,https://www.skyscanner.com,Take the official airport express bus or taxi directly to city center.,
1123,Arijejen,bus,Arijejen Central Bus Terminal,Intercity bus terminal with connections across Nauru,https://www.flixbus.com,Local city bus or taxi service available outside the terminal.,
1124,Denigomodu,plane,Denigomodu International Airport,Main airport connecting Denigomodu to international destinations,https://www.skyscanner.com,Take the official airport express bus or taxi directly to city center.,
1125,Denigomodu,bus,Denigomodu Central Bus Terminal,Intercity bus terminal with connections across Nauru,https://www.flixbus.com,Local city bus or taxi service available outside the terminal.,
1126,Menen,plane,Menen International Airport,Main airport connecting Menen to international destinations,https://www.skyscanner.com,Take the official airport express bus or taxi directly to city center.,
1127,Menen,bus,Menen Central Bus Terminal,Intercity bus terminal with connections across Nauru,https://www.flixbus.com,Local city bus or taxi service available outside the terminal.,
1128,Kathmandu,plane,Kathmandu International Airport,Main airport connecting Kathmandu to international destinations,https://www.skyscanner.com,Take the official airport express bus or taxi directly to city center.,
1129,Kathmandu,bus,Kathmandu Central Bus Terminal,Intercity bus terminal with connections across Nepal,https://www.flixbus.com,Local city bus or taxi service available outside the terminal.,
1130,Bharatpur,plane,Bharatpur International Airport,Main airport connecting Bharatpur to international destinations,https://www.skyscanner.com,Take the official airport express bus or taxi directly to city center.,
1131,Bharatpur,bus,Bharatpur Central Bus Terminal,Intercity bus terminal with connections across Nepal,https://www.flixbus.com,Local city bus or taxi service available outside the terminal.,
1132,Jawlakhel,plane,Jawlakhel International Airport,Main airport connecting Jawlakhel to international destinations,https://www.skyscanner.com,Take the official airport express bus or taxi directly to city center.,
1133,Jawlakhel,bus,Jawlakhel Central Bus Terminal,Intercity bus terminal with connections across Nepal,https://www.flixbus.com,Local city bus or taxi service available outside the terminal.,
1134,Lumbini,plane,Lumbini International Airport,Main airport connecting Lumbini to international destinations,https://www.skyscanner.com,Take the official airport express bus or taxi directly to city center.,
1135,Lumbini,bus,Lumbini Central Bus Terminal,Intercity bus terminal with connections across Nepal,https://www.flixbus.com,Local city bus or taxi service available outside the terminal.,
1136,Amsterdam,plane,Amsterdam International Airport,Main airport connecting Amsterdam to international destinations,https://www.skyscanner.com,Take the official airport express bus or taxi directly to city center.,
1137,Amsterdam,bus,Amsterdam Central Bus Terminal,Intercity bus terminal with connections across Netherlands,https://www.flixbus.com,Local city bus or taxi service available outside the terminal.,
1138,Rotterdam,plane,Rotterdam International Airport,Main airport connecting Rotterdam to international destinations,https://www.skyscanner.com,Take the official airport express bus or taxi directly to city center.,
1139,Rotterdam,bus,Rotterdam Central Bus Terminal,Intercity bus terminal with connections across Netherlands,https://www.flixbus.com,Local city bus or taxi service available outside the terminal.,
1140,The Hague,plane,The Hague International Airport,Main airport connecting The Hague to international destinations,https://www.skyscanner.com,Take the official airport express bus or taxi directly to city center.,
1141,The Hague,bus,The Hague Central Bus Terminal,Intercity bus terminal with connections across Netherlands,https://www.flixbus.com,Local city bus or taxi service available outside the terminal.,
1142,Utrecht,plane,Utrecht International Airport,Main airport connecting Utrecht to international destinations,https://www.skyscanner.com,Take the official airport express bus or taxi directly to city center.,
1143,Utrecht,bus,Utrecht Central Bus Terminal,Intercity bus terminal with connections across Netherlands,https://www.flixbus.com,Local city bus or taxi service available outside the terminal.,
1144,Nouméa,plane,Nouméa International Airport,Main airport connecting Nouméa to international destinations,https://www.skyscanner.com,Take the official airport express bus or taxi directly to city center.,
1145,Nouméa,bus,Nouméa Central Bus Terminal,Intercity bus terminal with connections across New Caledonia,https://www.flixbus.com,Local city bus or taxi service available outside the terminal.,
1146,Dumbea,plane,Dumbea International Airport,Main airport connecting Dumbea to international destinations,https://www.skyscanner.com,Take the official airport express bus or taxi directly to city center.,
1147,Dumbea,bus,Dumbea Central Bus Terminal,Intercity bus terminal with connections across New Caledonia,https://www.flixbus.com,Local city bus or taxi service available outside the terminal.,
1148,Mont-Dore,plane,Mont-Dore International Airport,Main airport connecting Mont-Dore to international destinations,https://www.skyscanner.com,Take the official airport express bus or taxi directly to city center.,
1149,Mont-Dore,bus,Mont-Dore Central Bus Terminal,Intercity bus terminal with connections across New Caledonia,https://www.flixbus.com,Local city bus or taxi service available outside the terminal.,
1150,Noumea,plane,Noumea International Airport,Main airport connecting Noumea to international destinations,https://www.skyscanner.com,Take the official airport express bus or taxi directly to city center.,
1151,Noumea,bus,Noumea Central Bus Terminal,Intercity bus terminal with connections across New Caledonia,https://www.flixbus.com,Local city bus or taxi service available outside the terminal.,
1152,Wellington,plane,Wellington International Airport,Main airport connecting Wellington to international destinations,https://www.skyscanner.com,Take the official airport express bus or taxi directly to city center.,
1153,Wellington,bus,Wellington Central Bus Terminal,Intercity bus terminal with connections across New Zealand,https://www.flixbus.com,Local city bus or taxi service available outside the terminal.,
1154,Ahaura,plane,Ahaura International Airport,Main airport connecting Ahaura to international destinations,https://www.skyscanner.com,Take the official airport express bus or taxi directly to city center.,
1155,Ahaura,bus,Ahaura Central Bus Terminal,Intercity bus terminal with connections across New Zealand,https://www.flixbus.com,Local city bus or taxi service available outside the terminal.,
1156,Albany,plane,Albany International Airport,Main airport connecting Albany to international destinations,https://www.skyscanner.com,Take the official airport express bus or taxi directly to city center.,
1157,Albany,bus,Albany Central Bus Terminal,Intercity bus terminal with connections across New Zealand,https://www.flixbus.com,Local city bus or taxi service available outside the terminal.,
1158,Amberley,plane,Amberley International Airport,Main airport connecting Amberley to international destinations,https://www.skyscanner.com,Take the official airport express bus or taxi directly to city center.,
1159,Amberley,bus,Amberley Central Bus Terminal,Intercity bus terminal with connections across New Zealand,https://www.flixbus.com,Local city bus or taxi service available outside the terminal.,
1160,Managua,plane,Managua International Airport,Main airport connecting Managua to international destinations,https://www.skyscanner.com,Take the official airport express bus or taxi directly to city center.,
1161,Managua,bus,Managua Central Bus Terminal,Intercity bus terminal with connections across Nicaragua,https://www.flixbus.com,Local city bus or taxi service available outside the terminal.,
1162,Bluefields,plane,Bluefields International Airport,Main airport connecting Bluefields to international destinations,https://www.skyscanner.com,Take the official airport express bus or taxi directly to city center.,
1163,Bluefields,bus,Bluefields Central Bus Terminal,Intercity bus terminal with connections across Nicaragua,https://www.flixbus.com,Local city bus or taxi service available outside the terminal.,
1164,Chinandega,plane,Chinandega International Airport,Main airport connecting Chinandega to international destinations,https://www.skyscanner.com,Take the official airport express bus or taxi directly to city center.,
1165,Chinandega,bus,Chinandega Central Bus Terminal,Intercity bus terminal with connections across Nicaragua,https://www.flixbus.com,Local city bus or taxi service available outside the terminal.,
1166,El Panama,plane,El Panama International Airport,Main airport connecting El Panama to international destinations,https://www.skyscanner.com,Take the official airport express bus or taxi directly to city center.,
1167,El Panama,bus,El Panama Central Bus Terminal,Intercity bus terminal with connections across Nicaragua,https://www.flixbus.com,Local city bus or taxi service available outside the terminal.,
1168,Niamey,plane,Niamey International Airport,Main airport connecting Niamey to international destinations,https://www.skyscanner.com,Take the official airport express bus or taxi directly to city center.,
1169,Niamey,bus,Niamey Central Bus Terminal,Intercity bus terminal with connections across Niger,https://www.flixbus.com,Local city bus or taxi service available outside the terminal.,
1170,Abala,plane,Abala International Airport,Main airport connecting Abala to international destinations,https://www.skyscanner.com,Take the official airport express bus or taxi directly to city center.,
1171,Abala,bus,Abala Central Bus Terminal,Intercity bus terminal with connections across Niger,https://www.flixbus.com,Local city bus or taxi service available outside the terminal.,
1172,Abalak,plane,Abalak International Airport,Main airport connecting Abalak to international destinations,https://www.skyscanner.com,Take the official airport express bus or taxi directly to city center.,
1173,Abalak,bus,Abalak Central Bus Terminal,Intercity bus terminal with connections across Niger,https://www.flixbus.com,Local city bus or taxi service available outside the terminal.,
1174,Agadez,plane,Agadez International Airport,Main airport connecting Agadez to international destinations,https://www.skyscanner.com,Take the official airport express bus or taxi directly to city center.,
1175,Agadez,bus,Agadez Central Bus Terminal,Intercity bus terminal with connections across Niger,https://www.flixbus.com,Local city bus or taxi service available outside the terminal.,
1176,Abuja,plane,Abuja International Airport,Main airport connecting Abuja to international destinations,https://www.skyscanner.com,Take the official airport express bus or taxi directly to city center.,
1177,Abuja,bus,Abuja Central Bus Terminal,Intercity bus terminal with connections across Nigeria,https://www.flixbus.com,Local city bus or taxi service available outside the terminal.,
1178,Aba North,plane,Aba North International Airport,Main airport connecting Aba North to international destinations,https://www.skyscanner.com,Take the official airport express bus or taxi directly to city center.,
1179,Aba North,bus,Aba North Central Bus Terminal,Intercity bus terminal with connections across Nigeria,https://www.flixbus.com,Local city bus or taxi service available outside the terminal.,
1180,Aba South,plane,Aba South International Airport,Main airport connecting Aba South to international destinations,https://www.skyscanner.com,Take the official airport express bus or taxi directly to city center.,
1181,Aba South,bus,Aba South Central Bus Terminal,Intercity bus terminal with connections across Nigeria,https://www.flixbus.com,Local city bus or taxi service available outside the terminal.,
1182,Abadam,plane,Abadam International Airport,Main airport connecting Abadam to international destinations,https://www.skyscanner.com,Take the official airport express bus or taxi directly to city center.,
1183,Abadam,bus,Abadam Central Bus Terminal,Intercity bus terminal with connections across Nigeria,https://www.flixbus.com,Local city bus or taxi service available outside the terminal.,
1184,Alofi,plane,Alofi International Airport,Main airport connecting Alofi to international destinations,https://www.skyscanner.com,Take the official airport express bus or taxi directly to city center.,
1185,Alofi,bus,Alofi Central Bus Terminal,Intercity bus terminal with connections across Niue,https://www.flixbus.com,Local city bus or taxi service available outside the terminal.,
1186,Makefu,plane,Makefu International Airport,Main airport connecting Makefu to international destinations,https://www.skyscanner.com,Take the official airport express bus or taxi directly to city center.,
1187,Makefu,bus,Makefu Central Bus Terminal,Intercity bus terminal with connections across Niue,https://www.flixbus.com,Local city bus or taxi service available outside the terminal.,
1188,Tuapa,plane,Tuapa International Airport,Main airport connecting Tuapa to international destinations,https://www.skyscanner.com,Take the official airport express bus or taxi directly to city center.,
1189,Tuapa,bus,Tuapa Central Bus Terminal,Intercity bus terminal with connections across Niue,https://www.flixbus.com,Local city bus or taxi service available outside the terminal.,
1190,Namukulu,plane,Namukulu International Airport,Main airport connecting Namukulu to international destinations,https://www.skyscanner.com,Take the official airport express bus or taxi directly to city center.,
1191,Namukulu,bus,Namukulu Central Bus Terminal,Intercity bus terminal with connections across Niue,https://www.flixbus.com,Local city bus or taxi service available outside the terminal.,
1192,Kingston,plane,Kingston International Airport,Main airport connecting Kingston to international destinations,https://www.skyscanner.com,Take the official airport express bus or taxi directly to city center.,
1193,Kingston,bus,Kingston Central Bus Terminal,Intercity bus terminal with connections across Norfolk Island,https://www.flixbus.com,Local city bus or taxi service available outside the terminal.,
1194,Anson Bay,plane,Anson Bay International Airport,Main airport connecting Anson Bay to international destinations,https://www.skyscanner.com,Take the official airport express bus or taxi directly to city center.,
1195,Anson Bay,bus,Anson Bay Central Bus Terminal,Intercity bus terminal with connections across Norfolk Island,https://www.flixbus.com,Local city bus or taxi service available outside the terminal.,
1196,Bumboras,plane,Bumboras International Airport,Main airport connecting Bumboras to international destinations,https://www.skyscanner.com,Take the official airport express bus or taxi directly to city center.,
1197,Bumboras,bus,Bumboras Central Bus Terminal,Intercity bus terminal with connections across Norfolk Island,https://www.flixbus.com,Local city bus or taxi service available outside the terminal.,
1198,Burnt Pine,plane,Burnt Pine International Airport,Main airport connecting Burnt Pine to international destinations,https://www.skyscanner.com,Take the official airport express bus or taxi directly to city center.,
1199,Burnt Pine,bus,Burnt Pine Central Bus Terminal,Intercity bus terminal with connections across Norfolk Island,https://www.flixbus.com,Local city bus or taxi service available outside the terminal.,
1200,Pyongyang,plane,Pyongyang International Airport,Main airport connecting Pyongyang to international destinations,https://www.skyscanner.com,Take the official airport express bus or taxi directly to city center.,
1201,Pyongyang,bus,Pyongyang Central Bus Terminal,Intercity bus terminal with connections across North Korea,https://www.flixbus.com,Local city bus or taxi service available outside the terminal.,
1202,Chagang,plane,Chagang International Airport,Main airport connecting Chagang to international destinations,https://www.skyscanner.com,Take the official airport express bus or taxi directly to city center.,
1203,Chagang,bus,Chagang Central Bus Terminal,Intercity bus terminal with connections across North Korea,https://www.flixbus.com,Local city bus or taxi service available outside the terminal.,
1204,North Hamgyong,plane,North Hamgyong International Airport,Main airport connecting North Hamgyong to international destinations,https://www.skyscanner.com,Take the official airport express bus or taxi directly to city center.,
1205,North Hamgyong,bus,North Hamgyong Central Bus Terminal,Intercity bus terminal with connections across North Korea,https://www.flixbus.com,Local city bus or taxi service available outside the terminal.,
1206,South Hamgyong,plane,South Hamgyong International Airport,Main airport connecting South Hamgyong to international destinations,https://www.skyscanner.com,Take the official airport express bus or taxi directly to city center.,
1207,South Hamgyong,bus,South Hamgyong Central Bus Terminal,Intercity bus terminal with connections across North Korea,https://www.flixbus.com,Local city bus or taxi service available outside the terminal.,
1208,Skopje,plane,Skopje International Airport,Main airport connecting Skopje to international destinations,https://www.skyscanner.com,Take the official airport express bus or taxi directly to city center.,
1209,Skopje,bus,Skopje Central Bus Terminal,Intercity bus terminal with connections across North Macedonia,https://www.flixbus.com,Local city bus or taxi service available outside the terminal.,
1210,Saipan,plane,Saipan International Airport,Main airport connecting Saipan to international destinations,https://www.skyscanner.com,Take the official airport express bus or taxi directly to city center.,
1211,Saipan,bus,Saipan Central Bus Terminal,Intercity bus terminal with connections across Northern Mariana Islands,https://www.flixbus.com,Local city bus or taxi service available outside the terminal.,
1212,Oslo,plane,Oslo International Airport,Main airport connecting Oslo to international destinations,https://www.skyscanner.com,Take the official airport express bus or taxi directly to city center.,
1213,Oslo,bus,Oslo Central Bus Terminal,Intercity bus terminal with connections across Norway,https://www.flixbus.com,Local city bus or taxi service available outside the terminal.,
1214,Abelvaer,plane,Abelvaer International Airport,Main airport connecting Abelvaer to international destinations,https://www.skyscanner.com,Take the official airport express bus or taxi directly to city center.,
1215,Abelvaer,bus,Abelvaer Central Bus Terminal,Intercity bus terminal with connections across Norway,https://www.flixbus.com,Local city bus or taxi service available outside the terminal.,
1216,Adalsbruk,plane,Adalsbruk International Airport,Main airport connecting Adalsbruk to international destinations,https://www.skyscanner.com,Take the official airport express bus or taxi directly to city center.,
1217,Adalsbruk,bus,Adalsbruk Central Bus Terminal,Intercity bus terminal with connections across Norway,https://www.flixbus.com,Local city bus or taxi service available outside the terminal.,
1218,Adland,plane,Adland International Airport,Main airport connecting Adland to international destinations,https://www.skyscanner.com,Take the official airport express bus or taxi directly to city center.,
1219,Adland,bus,Adland Central Bus Terminal,Intercity bus terminal with connections across Norway,https://www.flixbus.com,Local city bus or taxi service available outside the terminal.,
1220,Muscat,plane,Muscat International Airport,Main airport connecting Muscat to international destinations,https://www.skyscanner.com,Take the official airport express bus or taxi directly to city center.,
1221,Muscat,bus,Muscat Central Bus Terminal,Intercity bus terminal with connections across Oman,https://www.flixbus.com,Local city bus or taxi service available outside the terminal.,
1222,Al Sohar,plane,Al Sohar International Airport,Main airport connecting Al Sohar to international destinations,https://www.skyscanner.com,Take the official airport express bus or taxi directly to city center.,
1223,Al Sohar,bus,Al Sohar Central Bus Terminal,Intercity bus terminal with connections across Oman,https://www.flixbus.com,Local city bus or taxi service available outside the terminal.,
1224,Nizwa,plane,Nizwa International Airport,Main airport connecting Nizwa to international destinations,https://www.skyscanner.com,Take the official airport express bus or taxi directly to city center.,
1225,Nizwa,bus,Nizwa Central Bus Terminal,Intercity bus terminal with connections across Oman,https://www.flixbus.com,Local city bus or taxi service available outside the terminal.,
1226,Ruwi,plane,Ruwi International Airport,Main airport connecting Ruwi to international destinations,https://www.skyscanner.com,Take the official airport express bus or taxi directly to city center.,
1227,Ruwi,bus,Ruwi Central Bus Terminal,Intercity bus terminal with connections across Oman,https://www.flixbus.com,Local city bus or taxi service available outside the terminal.,
1228,Islamabad,plane,Islamabad International Airport,Main airport connecting Islamabad to international destinations,https://www.skyscanner.com,Take the official airport express bus or taxi directly to city center.,
1229,Islamabad,bus,Islamabad Central Bus Terminal,Intercity bus terminal with connections across Pakistan,https://www.flixbus.com,Local city bus or taxi service available outside the terminal.,
1230,Lahore,plane,Lahore International Airport,Main airport connecting Lahore to international destinations,https://www.skyscanner.com,Take the official airport express bus or taxi directly to city center.,
1231,Lahore,bus,Lahore Central Bus Terminal,Intercity bus terminal with connections across Pakistan,https://www.flixbus.com,Local city bus or taxi service available outside the terminal.,
1232,Karachi,plane,Karachi International Airport,Main airport connecting Karachi to international destinations,https://www.skyscanner.com,Take the official airport express bus or taxi directly to city center.,
1233,Karachi,bus,Karachi Central Bus Terminal,Intercity bus terminal with connections across Pakistan,https://www.flixbus.com,Local city bus or taxi service available outside the terminal.,
1234,Faisalabad,plane,Faisalabad International Airport,Main airport connecting Faisalabad to international destinations,https://www.skyscanner.com,Take the official airport express bus or taxi directly to city center.,
1235,Faisalabad,bus,Faisalabad Central Bus Terminal,Intercity bus terminal with connections across Pakistan,https://www.flixbus.com,Local city bus or taxi service available outside the terminal.,
1236,Ngerulmud,plane,Ngerulmud International Airport,Main airport connecting Ngerulmud to international destinations,https://www.skyscanner.com,Take the official airport express bus or taxi directly to city center.,
1237,Ngerulmud,bus,Ngerulmud Central Bus Terminal,Intercity bus terminal with connections across Palau,https://www.flixbus.com,Local city bus or taxi service available outside the terminal.,
1238,Airai,plane,Airai International Airport,Main airport connecting Airai to international destinations,https://www.skyscanner.com,Take the official airport express bus or taxi directly to city center.,
1239,Airai,bus,Airai Central Bus Terminal,Intercity bus terminal with connections across Palau,https://www.flixbus.com,Local city bus or taxi service available outside the terminal.,
1240,Kloulklubed,plane,Kloulklubed International Airport,Main airport connecting Kloulklubed to international destinations,https://www.skyscanner.com,Take the official airport express bus or taxi directly to city center.,
1241,Kloulklubed,bus,Kloulklubed Central Bus Terminal,Intercity bus terminal with connections across Palau,https://www.flixbus.com,Local city bus or taxi service available outside the terminal.,
1242,Meyungs,plane,Meyungs International Airport,Main airport connecting Meyungs to international destinations,https://www.skyscanner.com,Take the official airport express bus or taxi directly to city center.,
1243,Meyungs,bus,Meyungs Central Bus Terminal,Intercity bus terminal with connections across Palau,https://www.flixbus.com,Local city bus or taxi service available outside the terminal.,
1244,Ramallah,plane,Ramallah International Airport,Main airport connecting Ramallah to international destinations,https://www.skyscanner.com,Take the official airport express bus or taxi directly to city center.,
1245,Ramallah,bus,Ramallah Central Bus Terminal,Intercity bus terminal with connections across Palestine,https://www.flixbus.com,Local city bus or taxi service available outside the terminal.,
1246,Panama City,plane,Panama City International Airport,Main airport connecting Panama City to international destinations,https://www.skyscanner.com,Take the official airport express bus or taxi directly to city center.,
1247,Panama City,bus,Panama City Central Bus Terminal,Intercity bus terminal with connections across Panama,https://www.flixbus.com,Local city bus or taxi service available outside the terminal.,
1248,Aguadulce,plane,Aguadulce International Airport,Main airport connecting Aguadulce to international destinations,https://www.skyscanner.com,Take the official airport express bus or taxi directly to city center.,
1249,Aguadulce,bus,Aguadulce Central Bus Terminal,Intercity bus terminal with connections across Panama,https://www.flixbus.com,Local city bus or taxi service available outside the terminal.,
1250,Albrook,plane,Albrook International Airport,Main airport connecting Albrook to international destinations,https://www.skyscanner.com,Take the official airport express bus or taxi directly to city center.,
1251,Albrook,bus,Albrook Central Bus Terminal,Intercity bus terminal with connections across Panama,https://www.flixbus.com,Local city bus or taxi service available outside the terminal.,
1252,Ancon,plane,Ancon International Airport,Main airport connecting Ancon to international destinations,https://www.skyscanner.com,Take the official airport express bus or taxi directly to city center.,
1253,Ancon,bus,Ancon Central Bus Terminal,Intercity bus terminal with connections across Panama,https://www.flixbus.com,Local city bus or taxi service available outside the terminal.,
1254,Port Moresby,plane,Port Moresby International Airport,Main airport connecting Port Moresby to international destinations,https://www.skyscanner.com,Take the official airport express bus or taxi directly to city center.,
1255,Port Moresby,bus,Port Moresby Central Bus Terminal,Intercity bus terminal with connections across Papua New Guinea,https://www.flixbus.com,Local city bus or taxi service available outside the terminal.,
1256,Aitape,plane,Aitape International Airport,Main airport connecting Aitape to international destinations,https://www.skyscanner.com,Take the official airport express bus or taxi directly to city center.,
1257,Aitape,bus,Aitape Central Bus Terminal,Intercity bus terminal with connections across Papua New Guinea,https://www.flixbus.com,Local city bus or taxi service available outside the terminal.,
1258,Arawa,plane,Arawa International Airport,Main airport connecting Arawa to international destinations,https://www.skyscanner.com,Take the official airport express bus or taxi directly to city center.,
1259,Arawa,bus,Arawa Central Bus Terminal,Intercity bus terminal with connections across Papua New Guinea,https://www.flixbus.com,Local city bus or taxi service available outside the terminal.,
1260,Daru,plane,Daru International Airport,Main airport connecting Daru to international destinations,https://www.skyscanner.com,Take the official airport express bus or taxi directly to city center.,
1261,Daru,bus,Daru Central Bus Terminal,Intercity bus terminal with connections across Papua New Guinea,https://www.flixbus.com,Local city bus or taxi service available outside the terminal.,
1262,Asunción,plane,Asunción International Airport,Main airport connecting Asunción to international destinations,https://www.skyscanner.com,Take the official airport express bus or taxi directly to city center.,
1263,Asunción,bus,Asunción Central Bus Terminal,Intercity bus terminal with connections across Paraguay,https://www.flixbus.com,Local city bus or taxi service available outside the terminal.,
1264,Ayolas,plane,Ayolas International Airport,Main airport connecting Ayolas to international destinations,https://www.skyscanner.com,Take the official airport express bus or taxi directly to city center.,
1265,Ayolas,bus,Ayolas Central Bus Terminal,Intercity bus terminal with connections across Paraguay,https://www.flixbus.com,Local city bus or taxi service available outside the terminal.,
1266,Boqueron,plane,Boqueron International Airport,Main airport connecting Boqueron to international destinations,https://www.skyscanner.com,Take the official airport express bus or taxi directly to city center.,
1267,Boqueron,bus,Boqueron Central Bus Terminal,Intercity bus terminal with connections across Paraguay,https://www.flixbus.com,Local city bus or taxi service available outside the terminal.,
1268,Chore,plane,Chore International Airport,Main airport connecting Chore to international destinations,https://www.skyscanner.com,Take the official airport express bus or taxi directly to city center.,
1269,Chore,bus,Chore Central Bus Terminal,Intercity bus terminal with connections across Paraguay,https://www.flixbus.com,Local city bus or taxi service available outside the terminal.,
1270,Lima,plane,Lima International Airport,Main airport connecting Lima to international destinations,https://www.skyscanner.com,Take the official airport express bus or taxi directly to city center.,
1271,Lima,bus,Lima Central Bus Terminal,Intercity bus terminal with connections across Peru,https://www.flixbus.com,Local city bus or taxi service available outside the terminal.,
1272,Abancay,plane,Abancay International Airport,Main airport connecting Abancay to international destinations,https://www.skyscanner.com,Take the official airport express bus or taxi directly to city center.,
1273,Abancay,bus,Abancay Central Bus Terminal,Intercity bus terminal with connections across Peru,https://www.flixbus.com,Local city bus or taxi service available outside the terminal.,
1274,Arequipa,plane,Arequipa International Airport,Main airport connecting Arequipa to international destinations,https://www.skyscanner.com,Take the official airport express bus or taxi directly to city center.,
1275,Arequipa,bus,Arequipa Central Bus Terminal,Intercity bus terminal with connections across Peru,https://www.flixbus.com,Local city bus or taxi service available outside the terminal.,
1276,Ate,plane,Ate International Airport,Main airport connecting Ate to international destinations,https://www.skyscanner.com,Take the official airport express bus or taxi directly to city center.,
1277,Ate,bus,Ate Central Bus Terminal,Intercity bus terminal with connections across Peru,https://www.flixbus.com,Local city bus or taxi service available outside the terminal.,
1278,Manila,plane,Manila International Airport,Main airport connecting Manila to international destinations,https://www.skyscanner.com,Take the official airport express bus or taxi directly to city center.,
1279,Manila,bus,Manila Central Bus Terminal,Intercity bus terminal with connections across Philippines,https://www.flixbus.com,Local city bus or taxi service available outside the terminal.,
1280,Abucay,plane,Abucay International Airport,Main airport connecting Abucay to international destinations,https://www.skyscanner.com,Take the official airport express bus or taxi directly to city center.,
1281,Abucay,bus,Abucay Central Bus Terminal,Intercity bus terminal with connections across Philippines,https://www.flixbus.com,Local city bus or taxi service available outside the terminal.,
1282,Acacia,plane,Acacia International Airport,Main airport connecting Acacia to international destinations,https://www.skyscanner.com,Take the official airport express bus or taxi directly to city center.,
1283,Acacia,bus,Acacia Central Bus Terminal,Intercity bus terminal with connections across Philippines,https://www.flixbus.com,Local city bus or taxi service available outside the terminal.,
1284,Aguilar,plane,Aguilar International Airport,Main airport connecting Aguilar to international destinations,https://www.skyscanner.com,Take the official airport express bus or taxi directly to city center.,
1285,Aguilar,bus,Aguilar Central Bus Terminal,Intercity bus terminal with connections across Philippines,https://www.flixbus.com,Local city bus or taxi service available outside the terminal.,
1286,Adamstown,plane,Adamstown International Airport,Main airport connecting Adamstown to international destinations,https://www.skyscanner.com,Take the official airport express bus or taxi directly to city center.,
1287,Adamstown,bus,Adamstown Central Bus Terminal,Intercity bus terminal with connections across Pitcairn Islands,https://www.flixbus.com,Local city bus or taxi service available outside the terminal.,
1288,Warsaw,plane,Warsaw International Airport,Main airport connecting Warsaw to international destinations,https://www.skyscanner.com,Take the official airport express bus or taxi directly to city center.,
1289,Warsaw,bus,Warsaw Central Bus Terminal,Intercity bus terminal with connections across Poland,https://www.flixbus.com,Local city bus or taxi service available outside the terminal.,
1290,Adama,plane,Adama International Airport,Main airport connecting Adama to international destinations,https://www.skyscanner.com,Take the official airport express bus or taxi directly to city center.,
1291,Adama,bus,Adama Central Bus Terminal,Intercity bus terminal with connections across Poland,https://www.flixbus.com,Local city bus or taxi service available outside the terminal.,
1292,Alwernia,plane,Alwernia International Airport,Main airport connecting Alwernia to international destinations,https://www.skyscanner.com,Take the official airport express bus or taxi directly to city center.,
1293,Alwernia,bus,Alwernia Central Bus Terminal,Intercity bus terminal with connections across Poland,https://www.flixbus.com,Local city bus or taxi service available outside the terminal.,
1294,Andrespol,plane,Andrespol International Airport,Main airport connecting Andrespol to international destinations,https://www.skyscanner.com,Take the official airport express bus or taxi directly to city center.,
1295,Andrespol,bus,Andrespol Central Bus Terminal,Intercity bus terminal with connections across Poland,https://www.flixbus.com,Local city bus or taxi service available outside the terminal.,
1296,Lisbon,plane,Lisbon International Airport,Main airport connecting Lisbon to international destinations,https://www.skyscanner.com,Take the official airport express bus or taxi directly to city center.,
1297,Lisbon,bus,Lisbon Central Bus Terminal,Intercity bus terminal with connections across Portugal,https://www.flixbus.com,Local city bus or taxi service available outside the terminal.,
1298,Porto,plane,Porto International Airport,Main airport connecting Porto to international destinations,https://www.skyscanner.com,Take the official airport express bus or taxi directly to city center.,
1299,Porto,bus,Porto Central Bus Terminal,Intercity bus terminal with connections across Portugal,https://www.flixbus.com,Local city bus or taxi service available outside the terminal.,
1300,Faro,plane,Faro International Airport,Main airport connecting Faro to international destinations,https://www.skyscanner.com,Take the official airport express bus or taxi directly to city center.,
1301,Faro,bus,Faro Central Bus Terminal,Intercity bus terminal with connections across Portugal,https://www.flixbus.com,Local city bus or taxi service available outside the terminal.,
1302,San Juan,plane,San Juan International Airport,Main airport connecting San Juan to international destinations,https://www.skyscanner.com,Take the official airport express bus or taxi directly to city center.,
1303,San Juan,bus,San Juan Central Bus Terminal,Intercity bus terminal with connections across Puerto Rico,https://www.flixbus.com,Local city bus or taxi service available outside the terminal.,
1304,Adjuntas,plane,Adjuntas International Airport,Main airport connecting Adjuntas to international destinations,https://www.skyscanner.com,Take the official airport express bus or taxi directly to city center.,
1305,Adjuntas,bus,Adjuntas Central Bus Terminal,Intercity bus terminal with connections across Puerto Rico,https://www.flixbus.com,Local city bus or taxi service available outside the terminal.,
1306,Aguada,plane,Aguada International Airport,Main airport connecting Aguada to international destinations,https://www.skyscanner.com,Take the official airport express bus or taxi directly to city center.,
1307,Aguada,bus,Aguada Central Bus Terminal,Intercity bus terminal with connections across Puerto Rico,https://www.flixbus.com,Local city bus or taxi service available outside the terminal.,
1308,Aguadilla,plane,Aguadilla International Airport,Main airport connecting Aguadilla to international destinations,https://www.skyscanner.com,Take the official airport express bus or taxi directly to city center.,
1309,Aguadilla,bus,Aguadilla Central Bus Terminal,Intercity bus terminal with connections across Puerto Rico,https://www.flixbus.com,Local city bus or taxi service available outside the terminal.,
1310,Doha,plane,Doha International Airport,Main airport connecting Doha to international destinations,https://www.skyscanner.com,Take the official airport express bus or taxi directly to city center.,
1311,Doha,bus,Doha Central Bus Terminal,Intercity bus terminal with connections across Qatar,https://www.flixbus.com,Local city bus or taxi service available outside the terminal.,
1312,Ad Dawhah,plane,Ad Dawhah International Airport,Main airport connecting Ad Dawhah to international destinations,https://www.skyscanner.com,Take the official airport express bus or taxi directly to city center.,
1313,Ad Dawhah,bus,Ad Dawhah Central Bus Terminal,Intercity bus terminal with connections across Qatar,https://www.flixbus.com,Local city bus or taxi service available outside the terminal.,
1314,Al Ghuwayriyah,plane,Al Ghuwayriyah International Airport,Main airport connecting Al Ghuwayriyah to international destinations,https://www.skyscanner.com,Take the official airport express bus or taxi directly to city center.,
1315,Al Ghuwayriyah,bus,Al Ghuwayriyah Central Bus Terminal,Intercity bus terminal with connections across Qatar,https://www.flixbus.com,Local city bus or taxi service available outside the terminal.,
1316,Al Jumayliyah,plane,Al Jumayliyah International Airport,Main airport connecting Al Jumayliyah to international destinations,https://www.skyscanner.com,Take the official airport express bus or taxi directly to city center.,
1317,Al Jumayliyah,bus,Al Jumayliyah Central Bus Terminal,Intercity bus terminal with connections across Qatar,https://www.flixbus.com,Local city bus or taxi service available outside the terminal.,
1318,Bucharest,plane,Bucharest International Airport,Main airport connecting Bucharest to international destinations,https://www.skyscanner.com,Take the official airport express bus or taxi directly to city center.,
1319,Bucharest,bus,Bucharest Central Bus Terminal,Intercity bus terminal with connections across Romania,https://www.flixbus.com,Local city bus or taxi service available outside the terminal.,
1320,Adjud,plane,Adjud International Airport,Main airport connecting Adjud to international destinations,https://www.skyscanner.com,Take the official airport express bus or taxi directly to city center.,
1321,Adjud,bus,Adjud Central Bus Terminal,Intercity bus terminal with connections across Romania,https://www.flixbus.com,Local city bus or taxi service available outside the terminal.,
1322,Afumati,plane,Afumati International Airport,Main airport connecting Afumati to international destinations,https://www.skyscanner.com,Take the official airport express bus or taxi directly to city center.,
1323,Afumati,bus,Afumati Central Bus Terminal,Intercity bus terminal with connections across Romania,https://www.flixbus.com,Local city bus or taxi service available outside the terminal.,
1324,Agnita,plane,Agnita International Airport,Main airport connecting Agnita to international destinations,https://www.skyscanner.com,Take the official airport express bus or taxi directly to city center.,
1325,Agnita,bus,Agnita Central Bus Terminal,Intercity bus terminal with connections across Romania,https://www.flixbus.com,Local city bus or taxi service available outside the terminal.,
1326,Moscow,plane,Moscow International Airport,Main airport connecting Moscow to international destinations,https://www.skyscanner.com,Take the official airport express bus or taxi directly to city center.,
1327,Moscow,bus,Moscow Central Bus Terminal,Intercity bus terminal with connections across Russia,https://www.flixbus.com,Local city bus or taxi service available outside the terminal.,
1328,Abakan,plane,Abakan International Airport,Main airport connecting Abakan to international destinations,https://www.skyscanner.com,Take the official airport express bus or taxi directly to city center.,
1329,Abakan,bus,Abakan Central Bus Terminal,Intercity bus terminal with connections across Russia,https://www.flixbus.com,Local city bus or taxi service available outside the terminal.,
1330,Abinsk,plane,Abinsk International Airport,Main airport connecting Abinsk to international destinations,https://www.skyscanner.com,Take the official airport express bus or taxi directly to city center.,
1331,Abinsk,bus,Abinsk Central Bus Terminal,Intercity bus terminal with connections across Russia,https://www.flixbus.com,Local city bus or taxi service available outside the terminal.,
1332,Achinsk,plane,Achinsk International Airport,Main airport connecting Achinsk to international destinations,https://www.skyscanner.com,Take the official airport express bus or taxi directly to city center.,
1333,Achinsk,bus,Achinsk Central Bus Terminal,Intercity bus terminal with connections across Russia,https://www.flixbus.com,Local city bus or taxi service available outside the terminal.,
1334,Kigali,plane,Kigali International Airport,Main airport connecting Kigali to international destinations,https://www.skyscanner.com,Take the official airport express bus or taxi directly to city center.,
1335,Kigali,bus,Kigali Central Bus Terminal,Intercity bus terminal with connections across Rwanda,https://www.flixbus.com,Local city bus or taxi service available outside the terminal.,
1336,Butare,plane,Butare International Airport,Main airport connecting Butare to international destinations,https://www.skyscanner.com,Take the official airport express bus or taxi directly to city center.,
1337,Butare,bus,Butare Central Bus Terminal,Intercity bus terminal with connections across Rwanda,https://www.flixbus.com,Local city bus or taxi service available outside the terminal.,
1338,Byumba,plane,Byumba International Airport,Main airport connecting Byumba to international destinations,https://www.skyscanner.com,Take the official airport express bus or taxi directly to city center.,
1339,Byumba,bus,Byumba Central Bus Terminal,Intercity bus terminal with connections across Rwanda,https://www.flixbus.com,Local city bus or taxi service available outside the terminal.,
1340,Cyangugu,plane,Cyangugu International Airport,Main airport connecting Cyangugu to international destinations,https://www.skyscanner.com,Take the official airport express bus or taxi directly to city center.,
1341,Cyangugu,bus,Cyangugu Central Bus Terminal,Intercity bus terminal with connections across Rwanda,https://www.flixbus.com,Local city bus or taxi service available outside the terminal.,
1342,Saint-Denis,plane,Saint-Denis International Airport,Main airport connecting Saint-Denis to international destinations,https://www.skyscanner.com,Take the official airport express bus or taxi directly to city center.,
1343,Saint-Denis,bus,Saint-Denis Central Bus Terminal,Intercity bus terminal with connections across Réunion,https://www.flixbus.com,Local city bus or taxi service available outside the terminal.,
1344,Saint-Paul,plane,Saint-Paul International Airport,Main airport connecting Saint-Paul to international destinations,https://www.skyscanner.com,Take the official airport express bus or taxi directly to city center.,
1345,Saint-Paul,bus,Saint-Paul Central Bus Terminal,Intercity bus terminal with connections across Réunion,https://www.flixbus.com,Local city bus or taxi service available outside the terminal.,
1346,Saint-Pierre,plane,Saint-Pierre International Airport,Main airport connecting Saint-Pierre to international destinations,https://www.skyscanner.com,Take the official airport express bus or taxi directly to city center.,
1347,Saint-Pierre,bus,Saint-Pierre Central Bus Terminal,Intercity bus terminal with connections across Réunion,https://www.flixbus.com,Local city bus or taxi service available outside the terminal.,
1348,Le Tampon,plane,Le Tampon International Airport,Main airport connecting Le Tampon to international destinations,https://www.skyscanner.com,Take the official airport express bus or taxi directly to city center.,
1349,Le Tampon,bus,Le Tampon Central Bus Terminal,Intercity bus terminal with connections across Réunion,https://www.flixbus.com,Local city bus or taxi service available outside the terminal.,
1350,Gustavia,plane,Gustavia International Airport,Main airport connecting Gustavia to international destinations,https://www.skyscanner.com,Take the official airport express bus or taxi directly to city center.,
1351,Gustavia,bus,Gustavia Central Bus Terminal,Intercity bus terminal with connections across Saint Barthélemy,https://www.flixbus.com,Local city bus or taxi service available outside the terminal.,
1352,Jamestown,plane,Jamestown International Airport,Main airport connecting Jamestown to international destinations,https://www.skyscanner.com,Take the official airport express bus or taxi directly to city center.,
1353,Jamestown,bus,Jamestown Central Bus Terminal,"Intercity bus terminal with connections across Saint Helena, Ascension and Tristan da Cunha",https://www.flixbus.com,Local city bus or taxi service available outside the terminal.,
1354,Basseterre,plane,Basseterre International Airport,Main airport connecting Basseterre to international destinations,https://www.skyscanner.com,Take the official airport express bus or taxi directly to city center.,
1355,Basseterre,bus,Basseterre Central Bus Terminal,Intercity bus terminal with connections across Saint Kitts and Nevis,https://www.flixbus.com,Local city bus or taxi service available outside the terminal.,
1356,Cayon,plane,Cayon International Airport,Main airport connecting Cayon to international destinations,https://www.skyscanner.com,Take the official airport express bus or taxi directly to city center.,
1357,Cayon,bus,Cayon Central Bus Terminal,Intercity bus terminal with connections across Saint Kitts and Nevis,https://www.flixbus.com,Local city bus or taxi service available outside the terminal.,
1358,Charlestown,plane,Charlestown International Airport,Main airport connecting Charlestown to international destinations,https://www.skyscanner.com,Take the official airport express bus or taxi directly to city center.,
1359,Charlestown,bus,Charlestown Central Bus Terminal,Intercity bus terminal with connections across Saint Kitts and Nevis,https://www.flixbus.com,Local city bus or taxi service available outside the terminal.,
1360,Dieppe Bay Town,plane,Dieppe Bay Town International Airport,Main airport connecting Dieppe Bay Town to international destinations,https://www.skyscanner.com,Take the official airport express bus or taxi directly to city center.,
1361,Dieppe Bay Town,bus,Dieppe Bay Town Central Bus Terminal,Intercity bus terminal with connections across Saint Kitts and Nevis,https://www.flixbus.com,Local city bus or taxi service available outside the terminal.,
1362,Castries,plane,Castries International Airport,Main airport connecting Castries to international destinations,https://www.skyscanner.com,Take the official airport express bus or taxi directly to city center.,
1363,Castries,bus,Castries Central Bus Terminal,Intercity bus terminal with connections across Saint Lucia,https://www.flixbus.com,Local city bus or taxi service available outside the terminal.,
1364,Anse La Raye,plane,Anse La Raye International Airport,Main airport connecting Anse La Raye to international destinations,https://www.skyscanner.com,Take the official airport express bus or taxi directly to city center.,
1365,Anse La Raye,bus,Anse La Raye Central Bus Terminal,Intercity bus terminal with connections across Saint Lucia,https://www.flixbus.com,Local city bus or taxi service available outside the terminal.,
1366,Au Tabor,plane,Au Tabor International Airport,Main airport connecting Au Tabor to international destinations,https://www.skyscanner.com,Take the official airport express bus or taxi directly to city center.,
1367,Au Tabor,bus,Au Tabor Central Bus Terminal,Intercity bus terminal with connections across Saint Lucia,https://www.flixbus.com,Local city bus or taxi service available outside the terminal.,
1368,Babonneau,plane,Babonneau International Airport,Main airport connecting Babonneau to international destinations,https://www.skyscanner.com,Take the official airport express bus or taxi directly to city center.,
1369,Babonneau,bus,Babonneau Central Bus Terminal,Intercity bus terminal with connections across Saint Lucia,https://www.flixbus.com,Local city bus or taxi service available outside the terminal.,
1370,Marigot,plane,Marigot International Airport,Main airport connecting Marigot to international destinations,https://www.skyscanner.com,Take the official airport express bus or taxi directly to city center.,
1371,Marigot,bus,Marigot Central Bus Terminal,Intercity bus terminal with connections across Saint Martin,https://www.flixbus.com,Local city bus or taxi service available outside the terminal.,
1372,Saint-Pierre,plane,Saint-Pierre International Airport,Main airport connecting Saint-Pierre to international destinations,https://www.skyscanner.com,Take the official airport express bus or taxi directly to city center.,
1373,Saint-Pierre,bus,Saint-Pierre Central Bus Terminal,Intercity bus terminal with connections across Saint Pierre and Miquelon,https://www.flixbus.com,Local city bus or taxi service available outside the terminal.,
1374,Miquelon-Langlade,plane,Miquelon-Langlade International Airport,Main airport connecting Miquelon-Langlade to international destinations,https://www.skyscanner.com,Take the official airport express bus or taxi directly to city center.,
1375,Miquelon-Langlade,bus,Miquelon-Langlade Central Bus Terminal,Intercity bus terminal with connections across Saint Pierre and Miquelon,https://www.flixbus.com,Local city bus or taxi service available outside the terminal.,
1376,Kingstown,plane,Kingstown International Airport,Main airport connecting Kingstown to international destinations,https://www.skyscanner.com,Take the official airport express bus or taxi directly to city center.,
1377,Kingstown,bus,Kingstown Central Bus Terminal,Intercity bus terminal with connections across Saint Vincent and the Grenadines,https://www.flixbus.com,Local city bus or taxi service available outside the terminal.,
1378,Adelphi,plane,Adelphi International Airport,Main airport connecting Adelphi to international destinations,https://www.skyscanner.com,Take the official airport express bus or taxi directly to city center.,
1379,Adelphi,bus,Adelphi Central Bus Terminal,Intercity bus terminal with connections across Saint Vincent and the Grenadines,https://www.flixbus.com,Local city bus or taxi service available outside the terminal.,
1380,Arnos Vale,plane,Arnos Vale International Airport,Main airport connecting Arnos Vale to international destinations,https://www.skyscanner.com,Take the official airport express bus or taxi directly to city center.,
1381,Arnos Vale,bus,Arnos Vale Central Bus Terminal,Intercity bus terminal with connections across Saint Vincent and the Grenadines,https://www.flixbus.com,Local city bus or taxi service available outside the terminal.,
1382,Ashton,plane,Ashton International Airport,Main airport connecting Ashton to international destinations,https://www.skyscanner.com,Take the official airport express bus or taxi directly to city center.,
1383,Ashton,bus,Ashton Central Bus Terminal,Intercity bus terminal with connections across Saint Vincent and the Grenadines,https://www.flixbus.com,Local city bus or taxi service available outside the terminal.,
1384,Apia,plane,Apia International Airport,Main airport connecting Apia to international destinations,https://www.skyscanner.com,Take the official airport express bus or taxi directly to city center.,
1385,Apia,bus,Apia Central Bus Terminal,Intercity bus terminal with connections across Samoa,https://www.flixbus.com,Local city bus or taxi service available outside the terminal.,
1386,A'ana,plane,A'ana International Airport,Main airport connecting A'ana to international destinations,https://www.skyscanner.com,Take the official airport express bus or taxi directly to city center.,
1387,A'ana,bus,A'ana Central Bus Terminal,Intercity bus terminal with connections across Samoa,https://www.flixbus.com,Local city bus or taxi service available outside the terminal.,
1388,Aiga-i-le-Tai,plane,Aiga-i-le-Tai International Airport,Main airport connecting Aiga-i-le-Tai to international destinations,https://www.skyscanner.com,Take the official airport express bus or taxi directly to city center.,
1389,Aiga-i-le-Tai,bus,Aiga-i-le-Tai Central Bus Terminal,Intercity bus terminal with connections across Samoa,https://www.flixbus.com,Local city bus or taxi service available outside the terminal.,
1390,Atua,plane,Atua International Airport,Main airport connecting Atua to international destinations,https://www.skyscanner.com,Take the official airport express bus or taxi directly to city center.,
1391,Atua,bus,Atua Central Bus Terminal,Intercity bus terminal with connections across Samoa,https://www.flixbus.com,Local city bus or taxi service available outside the terminal.,
1392,City of San Marino,plane,City of San Marino International Airport,Main airport connecting City of San Marino to international destinations,https://www.skyscanner.com,Take the official airport express bus or taxi directly to city center.,
1393,City of San Marino,bus,City of San Marino Central Bus Terminal,Intercity bus terminal with connections across San Marino,https://www.flixbus.com,Local city bus or taxi service available outside the terminal.,
1394,Acquaviva,plane,Acquaviva International Airport,Main airport connecting Acquaviva to international destinations,https://www.skyscanner.com,Take the official airport express bus or taxi directly to city center.,
1395,Acquaviva,bus,Acquaviva Central Bus Terminal,Intercity bus terminal with connections across San Marino,https://www.flixbus.com,Local city bus or taxi service available outside the terminal.,
1396,Falciano,plane,Falciano International Airport,Main airport connecting Falciano to international destinations,https://www.skyscanner.com,Take the official airport express bus or taxi directly to city center.,
1397,Falciano,bus,Falciano Central Bus Terminal,Intercity bus terminal with connections across San Marino,https://www.flixbus.com,Local city bus or taxi service available outside the terminal.,
1398,Fiorentino,plane,Fiorentino International Airport,Main airport connecting Fiorentino to international destinations,https://www.skyscanner.com,Take the official airport express bus or taxi directly to city center.,
1399,Fiorentino,bus,Fiorentino Central Bus Terminal,Intercity bus terminal with connections across San Marino,https://www.flixbus.com,Local city bus or taxi service available outside the terminal.,
1400,Riyadh,plane,Riyadh International Airport,Main airport connecting Riyadh to international destinations,https://www.skyscanner.com,Take the official airport express bus or taxi directly to city center.,
1401,Riyadh,bus,Riyadh Central Bus Terminal,Intercity bus terminal with connections across Saudi Arabia,https://www.flixbus.com,Local city bus or taxi service available outside the terminal.,
1402,Abha,plane,Abha International Airport,Main airport connecting Abha to international destinations,https://www.skyscanner.com,Take the official airport express bus or taxi directly to city center.,
1403,Abha,bus,Abha Central Bus Terminal,Intercity bus terminal with connections across Saudi Arabia,https://www.flixbus.com,Local city bus or taxi service available outside the terminal.,
1404,Abqaiq,plane,Abqaiq International Airport,Main airport connecting Abqaiq to international destinations,https://www.skyscanner.com,Take the official airport express bus or taxi directly to city center.,
1405,Abqaiq,bus,Abqaiq Central Bus Terminal,Intercity bus terminal with connections across Saudi Arabia,https://www.flixbus.com,Local city bus or taxi service available outside the terminal.,
1406,Al Bahah,plane,Al Bahah International Airport,Main airport connecting Al Bahah to international destinations,https://www.skyscanner.com,Take the official airport express bus or taxi directly to city center.,
1407,Al Bahah,bus,Al Bahah Central Bus Terminal,Intercity bus terminal with connections across Saudi Arabia,https://www.flixbus.com,Local city bus or taxi service available outside the terminal.,
1408,Dakar,plane,Dakar International Airport,Main airport connecting Dakar to international destinations,https://www.skyscanner.com,Take the official airport express bus or taxi directly to city center.,
1409,Dakar,bus,Dakar Central Bus Terminal,Intercity bus terminal with connections across Senegal,https://www.flixbus.com,Local city bus or taxi service available outside the terminal.,
1410,Boussinki,plane,Boussinki International Airport,Main airport connecting Boussinki to international destinations,https://www.skyscanner.com,Take the official airport express bus or taxi directly to city center.,
1411,Boussinki,bus,Boussinki Central Bus Terminal,Intercity bus terminal with connections across Senegal,https://www.flixbus.com,Local city bus or taxi service available outside the terminal.,
1412,Camberene,plane,Camberene International Airport,Main airport connecting Camberene to international destinations,https://www.skyscanner.com,Take the official airport express bus or taxi directly to city center.,
1413,Camberene,bus,Camberene Central Bus Terminal,Intercity bus terminal with connections across Senegal,https://www.flixbus.com,Local city bus or taxi service available outside the terminal.,
1414,Dodji,plane,Dodji International Airport,Main airport connecting Dodji to international destinations,https://www.skyscanner.com,Take the official airport express bus or taxi directly to city center.,
1415,Dodji,bus,Dodji Central Bus Terminal,Intercity bus terminal with connections across Senegal,https://www.flixbus.com,Local city bus or taxi service available outside the terminal.,
1416,Belgrade,plane,Belgrade International Airport,Main airport connecting Belgrade to international destinations,https://www.skyscanner.com,Take the official airport express bus or taxi directly to city center.,
1417,Belgrade,bus,Belgrade Central Bus Terminal,Intercity bus terminal with connections across Serbia,https://www.flixbus.com,Local city bus or taxi service available outside the terminal.,
1418,Ada,plane,Ada International Airport,Main airport connecting Ada to international destinations,https://www.skyscanner.com,Take the official airport express bus or taxi directly to city center.,
1419,Ada,bus,Ada Central Bus Terminal,Intercity bus terminal with connections across Serbia,https://www.flixbus.com,Local city bus or taxi service available outside the terminal.,
1420,Aleksinac,plane,Aleksinac International Airport,Main airport connecting Aleksinac to international destinations,https://www.skyscanner.com,Take the official airport express bus or taxi directly to city center.,
1421,Aleksinac,bus,Aleksinac Central Bus Terminal,Intercity bus terminal with connections across Serbia,https://www.flixbus.com,Local city bus or taxi service available outside the terminal.,
1422,Apatin,plane,Apatin International Airport,Main airport connecting Apatin to international destinations,https://www.skyscanner.com,Take the official airport express bus or taxi directly to city center.,
1423,Apatin,bus,Apatin Central Bus Terminal,Intercity bus terminal with connections across Serbia,https://www.flixbus.com,Local city bus or taxi service available outside the terminal.,
1424,Victoria,plane,Victoria International Airport,Main airport connecting Victoria to international destinations,https://www.skyscanner.com,Take the official airport express bus or taxi directly to city center.,
1425,Victoria,bus,Victoria Central Bus Terminal,Intercity bus terminal with connections across Seychelles,https://www.flixbus.com,Local city bus or taxi service available outside the terminal.,
1426,Anse aux Pins,plane,Anse aux Pins International Airport,Main airport connecting Anse aux Pins to international destinations,https://www.skyscanner.com,Take the official airport express bus or taxi directly to city center.,
1427,Anse aux Pins,bus,Anse aux Pins Central Bus Terminal,Intercity bus terminal with connections across Seychelles,https://www.flixbus.com,Local city bus or taxi service available outside the terminal.,
1428,Anse Boileau,plane,Anse Boileau International Airport,Main airport connecting Anse Boileau to international destinations,https://www.skyscanner.com,Take the official airport express bus or taxi directly to city center.,
1429,Anse Boileau,bus,Anse Boileau Central Bus Terminal,Intercity bus terminal with connections across Seychelles,https://www.flixbus.com,Local city bus or taxi service available outside the terminal.,
1430,Anse Etoile,plane,Anse Etoile International Airport,Main airport connecting Anse Etoile to international destinations,https://www.skyscanner.com,Take the official airport express bus or taxi directly to city center.,
1431,Anse Etoile,bus,Anse Etoile Central Bus Terminal,Intercity bus terminal with connections across Seychelles,https://www.flixbus.com,Local city bus or taxi service available outside the terminal.,
1432,Freetown,plane,Freetown International Airport,Main airport connecting Freetown to international destinations,https://www.skyscanner.com,Take the official airport express bus or taxi directly to city center.,
1433,Freetown,bus,Freetown Central Bus Terminal,Intercity bus terminal with connections across Sierra Leone,https://www.flixbus.com,Local city bus or taxi service available outside the terminal.,
1434,Port Loko,plane,Port Loko International Airport,Main airport connecting Port Loko to international destinations,https://www.skyscanner.com,Take the official airport express bus or taxi directly to city center.,
1435,Port Loko,bus,Port Loko Central Bus Terminal,Intercity bus terminal with connections across Sierra Leone,https://www.flixbus.com,Local city bus or taxi service available outside the terminal.,
1436,Wangechi,plane,Wangechi International Airport,Main airport connecting Wangechi to international destinations,https://www.skyscanner.com,Take the official airport express bus or taxi directly to city center.,
1437,Wangechi,bus,Wangechi Central Bus Terminal,Intercity bus terminal with connections across Sierra Leone,https://www.flixbus.com,Local city bus or taxi service available outside the terminal.,
1438,Kalewa,plane,Kalewa International Airport,Main airport connecting Kalewa to international destinations,https://www.skyscanner.com,Take the official airport express bus or taxi directly to city center.,
1439,Kalewa,bus,Kalewa Central Bus Terminal,Intercity bus terminal with connections across Sierra Leone,https://www.flixbus.com,Local city bus or taxi service available outside the terminal.,
1440,Singapore,plane,Singapore International Airport,Main airport connecting Singapore to international destinations,https://www.skyscanner.com,Take the official airport express bus or taxi directly to city center.,
1441,Singapore,bus,Singapore Central Bus Terminal,Intercity bus terminal with connections across Singapore,https://www.flixbus.com,Local city bus or taxi service available outside the terminal.,
1442,Ang Mo Kio New Town,plane,Ang Mo Kio New Town International Airport,Main airport connecting Ang Mo Kio New Town to international destinations,https://www.skyscanner.com,Take the official airport express bus or taxi directly to city center.,
1443,Ang Mo Kio New Town,bus,Ang Mo Kio New Town Central Bus Terminal,Intercity bus terminal with connections across Singapore,https://www.flixbus.com,Local city bus or taxi service available outside the terminal.,
1444,Ayer Raja New Town,plane,Ayer Raja New Town International Airport,Main airport connecting Ayer Raja New Town to international destinations,https://www.skyscanner.com,Take the official airport express bus or taxi directly to city center.,
1445,Ayer Raja New Town,bus,Ayer Raja New Town Central Bus Terminal,Intercity bus terminal with connections across Singapore,https://www.flixbus.com,Local city bus or taxi service available outside the terminal.,
1446,Bedok New Town,plane,Bedok New Town International Airport,Main airport connecting Bedok New Town to international destinations,https://www.skyscanner.com,Take the official airport express bus or taxi directly to city center.,
1447,Bedok New Town,bus,Bedok New Town Central Bus Terminal,Intercity bus terminal with connections across Singapore,https://www.flixbus.com,Local city bus or taxi service available outside the terminal.,
1448,Philipsburg,plane,Philipsburg International Airport,Main airport connecting Philipsburg to international destinations,https://www.skyscanner.com,Take the official airport express bus or taxi directly to city center.,
1449,Philipsburg,bus,Philipsburg Central Bus Terminal,Intercity bus terminal with connections across Sint Maarten,https://www.flixbus.com,Local city bus or taxi service available outside the terminal.,
1450,Bratislava,plane,Bratislava International Airport,Main airport connecting Bratislava to international destinations,https://www.skyscanner.com,Take the official airport express bus or taxi directly to city center.,
1451,Bratislava,bus,Bratislava Central Bus Terminal,Intercity bus terminal with connections across Slovakia,https://www.flixbus.com,Local city bus or taxi service available outside the terminal.,
1452,Bahon,plane,Bahon International Airport,Main airport connecting Bahon to international destinations,https://www.skyscanner.com,Take the official airport express bus or taxi directly to city center.,
1453,Bahon,bus,Bahon Central Bus Terminal,Intercity bus terminal with connections across Slovakia,https://www.flixbus.com,Local city bus or taxi service available outside the terminal.,
1454,Baka,plane,Baka International Airport,Main airport connecting Baka to international destinations,https://www.skyscanner.com,Take the official airport express bus or taxi directly to city center.,
1455,Baka,bus,Baka Central Bus Terminal,Intercity bus terminal with connections across Slovakia,https://www.flixbus.com,Local city bus or taxi service available outside the terminal.,
1456,Banovce nad Bebravou,plane,Banovce nad Bebravou International Airport,Main airport connecting Banovce nad Bebravou to international destinations,https://www.skyscanner.com,Take the official airport express bus or taxi directly to city center.,
1457,Banovce nad Bebravou,bus,Banovce nad Bebravou Central Bus Terminal,Intercity bus terminal with connections across Slovakia,https://www.flixbus.com,Local city bus or taxi service available outside the terminal.,
1458,Ljubljana,plane,Ljubljana International Airport,Main airport connecting Ljubljana to international destinations,https://www.skyscanner.com,Take the official airport express bus or taxi directly to city center.,
1459,Ljubljana,bus,Ljubljana Central Bus Terminal,Intercity bus terminal with connections across Slovenia,https://www.flixbus.com,Local city bus or taxi service available outside the terminal.,
1460,Ankaran,plane,Ankaran International Airport,Main airport connecting Ankaran to international destinations,https://www.skyscanner.com,Take the official airport express bus or taxi directly to city center.,
1461,Ankaran,bus,Ankaran Central Bus Terminal,Intercity bus terminal with connections across Slovenia,https://www.flixbus.com,Local city bus or taxi service available outside the terminal.,
1462,Begunje na Gorenjskem,plane,Begunje na Gorenjskem International Airport,Main airport connecting Begunje na Gorenjskem to international destinations,https://www.skyscanner.com,Take the official airport express bus or taxi directly to city center.,
1463,Begunje na Gorenjskem,bus,Begunje na Gorenjskem Central Bus Terminal,Intercity bus terminal with connections across Slovenia,https://www.flixbus.com,Local city bus or taxi service available outside the terminal.,
1464,Beltinci,plane,Beltinci International Airport,Main airport connecting Beltinci to international destinations,https://www.skyscanner.com,Take the official airport express bus or taxi directly to city center.,
1465,Beltinci,bus,Beltinci Central Bus Terminal,Intercity bus terminal with connections across Slovenia,https://www.flixbus.com,Local city bus or taxi service available outside the terminal.,
1466,Honiara,plane,Honiara International Airport,Main airport connecting Honiara to international destinations,https://www.skyscanner.com,Take the official airport express bus or taxi directly to city center.,
1467,Honiara,bus,Honiara Central Bus Terminal,Intercity bus terminal with connections across Solomon Islands,https://www.flixbus.com,Local city bus or taxi service available outside the terminal.,
1468,Central,plane,Central International Airport,Main airport connecting Central to international destinations,https://www.skyscanner.com,Take the official airport express bus or taxi directly to city center.,
1469,Central,bus,Central Central Bus Terminal,Intercity bus terminal with connections across Solomon Islands,https://www.flixbus.com,Local city bus or taxi service available outside the terminal.,
1470,Choiseul,plane,Choiseul International Airport,Main airport connecting Choiseul to international destinations,https://www.skyscanner.com,Take the official airport express bus or taxi directly to city center.,
1471,Choiseul,bus,Choiseul Central Bus Terminal,Intercity bus terminal with connections across Solomon Islands,https://www.flixbus.com,Local city bus or taxi service available outside the terminal.,
1472,Guadalcanal,plane,Guadalcanal International Airport,Main airport connecting Guadalcanal to international destinations,https://www.skyscanner.com,Take the official airport express bus or taxi directly to city center.,
1473,Guadalcanal,bus,Guadalcanal Central Bus Terminal,Intercity bus terminal with connections across Solomon Islands,https://www.flixbus.com,Local city bus or taxi service available outside the terminal.,
1474,Mogadishu,plane,Mogadishu International Airport,Main airport connecting Mogadishu to international destinations,https://www.skyscanner.com,Take the official airport express bus or taxi directly to city center.,
1475,Mogadishu,bus,Mogadishu Central Bus Terminal,Intercity bus terminal with connections across Somalia,https://www.flixbus.com,Local city bus or taxi service available outside the terminal.,
1476,Awdal,plane,Awdal International Airport,Main airport connecting Awdal to international destinations,https://www.skyscanner.com,Take the official airport express bus or taxi directly to city center.,
1477,Awdal,bus,Awdal Central Bus Terminal,Intercity bus terminal with connections across Somalia,https://www.flixbus.com,Local city bus or taxi service available outside the terminal.,
1478,Bakool,plane,Bakool International Airport,Main airport connecting Bakool to international destinations,https://www.skyscanner.com,Take the official airport express bus or taxi directly to city center.,
1479,Bakool,bus,Bakool Central Bus Terminal,Intercity bus terminal with connections across Somalia,https://www.flixbus.com,Local city bus or taxi service available outside the terminal.,
1480,Banaadir,plane,Banaadir International Airport,Main airport connecting Banaadir to international destinations,https://www.skyscanner.com,Take the official airport express bus or taxi directly to city center.,
1481,Banaadir,bus,Banaadir Central Bus Terminal,Intercity bus terminal with connections across Somalia,https://www.flixbus.com,Local city bus or taxi service available outside the terminal.,
1482,Pretoria,plane,Pretoria International Airport,Main airport connecting Pretoria to international destinations,https://www.skyscanner.com,Take the official airport express bus or taxi directly to city center.,
1483,Pretoria,bus,Pretoria Central Bus Terminal,Intercity bus terminal with connections across South Africa,https://www.flixbus.com,Local city bus or taxi service available outside the terminal.,
1484,Alberton,plane,Alberton International Airport,Main airport connecting Alberton to international destinations,https://www.skyscanner.com,Take the official airport express bus or taxi directly to city center.,
1485,Alberton,bus,Alberton Central Bus Terminal,Intercity bus terminal with connections across South Africa,https://www.flixbus.com,Local city bus or taxi service available outside the terminal.,
1486,Alice,plane,Alice International Airport,Main airport connecting Alice to international destinations,https://www.skyscanner.com,Take the official airport express bus or taxi directly to city center.,
1487,Alice,bus,Alice Central Bus Terminal,Intercity bus terminal with connections across South Africa,https://www.flixbus.com,Local city bus or taxi service available outside the terminal.,
1488,Alrode,plane,Alrode International Airport,Main airport connecting Alrode to international destinations,https://www.skyscanner.com,Take the official airport express bus or taxi directly to city center.,
1489,Alrode,bus,Alrode Central Bus Terminal,Intercity bus terminal with connections across South Africa,https://www.flixbus.com,Local city bus or taxi service available outside the terminal.,
1490,King Edward Point,plane,King Edward Point International Airport,Main airport connecting King Edward Point to international destinations,https://www.skyscanner.com,Take the official airport express bus or taxi directly to city center.,
1491,King Edward Point,bus,King Edward Point Central Bus Terminal,Intercity bus terminal with connections across South Georgia,https://www.flixbus.com,Local city bus or taxi service available outside the terminal.,
1492,Seoul,plane,Seoul International Airport,Main airport connecting Seoul to international destinations,https://www.skyscanner.com,Take the official airport express bus or taxi directly to city center.,
1493,Seoul,bus,Seoul Central Bus Terminal,Intercity bus terminal with connections across South Korea,https://www.flixbus.com,Local city bus or taxi service available outside the terminal.,
1494,Andong,plane,Andong International Airport,Main airport connecting Andong to international destinations,https://www.skyscanner.com,Take the official airport express bus or taxi directly to city center.,
1495,Andong,bus,Andong Central Bus Terminal,Intercity bus terminal with connections across South Korea,https://www.flixbus.com,Local city bus or taxi service available outside the terminal.,
1496,Ansan-si,plane,Ansan-si International Airport,Main airport connecting Ansan-si to international destinations,https://www.skyscanner.com,Take the official airport express bus or taxi directly to city center.,
1497,Ansan-si,bus,Ansan-si Central Bus Terminal,Intercity bus terminal with connections across South Korea,https://www.flixbus.com,Local city bus or taxi service available outside the terminal.,
1498,Anseong,plane,Anseong International Airport,Main airport connecting Anseong to international destinations,https://www.skyscanner.com,Take the official airport express bus or taxi directly to city center.,
1499,Anseong,bus,Anseong Central Bus Terminal,Intercity bus terminal with connections across South Korea,https://www.flixbus.com,Local city bus or taxi service available outside the terminal.,
1500,Juba,plane,Juba International Airport,Main airport connecting Juba to international destinations,https://www.skyscanner.com,Take the official airport express bus or taxi directly to city center.,
1501,Juba,bus,Juba Central Bus Terminal,Intercity bus terminal with connections across South Sudan,https://www.flixbus.com,Local city bus or taxi service available outside the terminal.,
1502,Barcelona,plane,Barcelona International Airport,Main airport connecting Barcelona to international destinations,https://www.skyscanner.com,Take the official airport express bus or taxi directly to city center.,
1503,Barcelona,bus,Barcelona Central Bus Terminal,Intercity bus terminal with connections across Spain,https://www.flixbus.com,Local city bus or taxi service available outside the terminal.,
1504,Madrid,plane,Madrid International Airport,Main airport connecting Madrid to international destinations,https://www.skyscanner.com,Take the official airport express bus or taxi directly to city center.,
1505,Madrid,bus,Madrid Central Bus Terminal,Intercity bus terminal with connections across Spain,https://www.flixbus.com,Local city bus or taxi service available outside the terminal.,
1506,Seville,plane,Seville International Airport,Main airport connecting Seville to international destinations,https://www.skyscanner.com,Take the official airport express bus or taxi directly to city center.,
1507,Seville,bus,Seville Central Bus Terminal,Intercity bus terminal with connections across Spain,https://www.flixbus.com,Local city bus or taxi service available outside the terminal.,
1508,Valencia,plane,Valencia International Airport,Main airport connecting Valencia to international destinations,https://www.skyscanner.com,Take the official airport express bus or taxi directly to city center.,
1509,Valencia,bus,Valencia Central Bus Terminal,Intercity bus terminal with connections across Spain,https://www.flixbus.com,Local city bus or taxi service available outside the terminal.,
1510,Granada,plane,Granada International Airport,Main airport connecting Granada to international destinations,https://www.skyscanner.com,Take the official airport express bus or taxi directly to city center.,
1511,Granada,bus,Granada Central Bus Terminal,Intercity bus terminal with connections across Spain,https://www.flixbus.com,Local city bus or taxi service available outside the terminal.,
1512,Colombo,plane,Colombo International Airport,Main airport connecting Colombo to international destinations,https://www.skyscanner.com,Take the official airport express bus or taxi directly to city center.,
1513,Colombo,bus,Colombo Central Bus Terminal,Intercity bus terminal with connections across Sri Lanka,https://www.flixbus.com,Local city bus or taxi service available outside the terminal.,
1514,Badulla,plane,Badulla International Airport,Main airport connecting Badulla to international destinations,https://www.skyscanner.com,Take the official airport express bus or taxi directly to city center.,
1515,Badulla,bus,Badulla Central Bus Terminal,Intercity bus terminal with connections across Sri Lanka,https://www.flixbus.com,Local city bus or taxi service available outside the terminal.,
1516,Battaramulla South,plane,Battaramulla South International Airport,Main airport connecting Battaramulla South to international destinations,https://www.skyscanner.com,Take the official airport express bus or taxi directly to city center.,
1517,Battaramulla South,bus,Battaramulla South Central Bus Terminal,Intercity bus terminal with connections across Sri Lanka,https://www.flixbus.com,Local city bus or taxi service available outside the terminal.,
1518,Biyagama,plane,Biyagama International Airport,Main airport connecting Biyagama to international destinations,https://www.skyscanner.com,Take the official airport express bus or taxi directly to city center.,
1519,Biyagama,bus,Biyagama Central Bus Terminal,Intercity bus terminal with connections across Sri Lanka,https://www.flixbus.com,Local city bus or taxi service available outside the terminal.,
1520,Khartoum,plane,Khartoum International Airport,Main airport connecting Khartoum to international destinations,https://www.skyscanner.com,Take the official airport express bus or taxi directly to city center.,
1521,Khartoum,bus,Khartoum Central Bus Terminal,Intercity bus terminal with connections across Sudan,https://www.flixbus.com,Local city bus or taxi service available outside the terminal.,
1522,Kassala,plane,Kassala International Airport,Main airport connecting Kassala to international destinations,https://www.skyscanner.com,Take the official airport express bus or taxi directly to city center.,
1523,Kassala,bus,Kassala Central Bus Terminal,Intercity bus terminal with connections across Sudan,https://www.flixbus.com,Local city bus or taxi service available outside the terminal.,
1524,Nyala,plane,Nyala International Airport,Main airport connecting Nyala to international destinations,https://www.skyscanner.com,Take the official airport express bus or taxi directly to city center.,
1525,Nyala,bus,Nyala Central Bus Terminal,Intercity bus terminal with connections across Sudan,https://www.flixbus.com,Local city bus or taxi service available outside the terminal.,
1526,Shendi,plane,Shendi International Airport,Main airport connecting Shendi to international destinations,https://www.skyscanner.com,Take the official airport express bus or taxi directly to city center.,
1527,Shendi,bus,Shendi Central Bus Terminal,Intercity bus terminal with connections across Sudan,https://www.flixbus.com,Local city bus or taxi service available outside the terminal.,
1528,Paramaribo,plane,Paramaribo International Airport,Main airport connecting Paramaribo to international destinations,https://www.skyscanner.com,Take the official airport express bus or taxi directly to city center.,
1529,Paramaribo,bus,Paramaribo Central Bus Terminal,Intercity bus terminal with connections across Suriname,https://www.flixbus.com,Local city bus or taxi service available outside the terminal.,
1530,Botopasi,plane,Botopasi International Airport,Main airport connecting Botopasi to international destinations,https://www.skyscanner.com,Take the official airport express bus or taxi directly to city center.,
1531,Botopasi,bus,Botopasi Central Bus Terminal,Intercity bus terminal with connections across Suriname,https://www.flixbus.com,Local city bus or taxi service available outside the terminal.,
1532,Brownsweg,plane,Brownsweg International Airport,Main airport connecting Brownsweg to international destinations,https://www.skyscanner.com,Take the official airport express bus or taxi directly to city center.,
1533,Brownsweg,bus,Brownsweg Central Bus Terminal,Intercity bus terminal with connections across Suriname,https://www.flixbus.com,Local city bus or taxi service available outside the terminal.,
1534,Friendship,plane,Friendship International Airport,Main airport connecting Friendship to international destinations,https://www.skyscanner.com,Take the official airport express bus or taxi directly to city center.,
1535,Friendship,bus,Friendship Central Bus Terminal,Intercity bus terminal with connections across Suriname,https://www.flixbus.com,Local city bus or taxi service available outside the terminal.,
1536,Longyearbyen,plane,Longyearbyen International Airport,Main airport connecting Longyearbyen to international destinations,https://www.skyscanner.com,Take the official airport express bus or taxi directly to city center.,
1537,Longyearbyen,bus,Longyearbyen Central Bus Terminal,Intercity bus terminal with connections across Svalbard and Jan Mayen,https://www.flixbus.com,Local city bus or taxi service available outside the terminal.,
1538,Stockholm,plane,Stockholm International Airport,Main airport connecting Stockholm to international destinations,https://www.skyscanner.com,Take the official airport express bus or taxi directly to city center.,
1539,Stockholm,bus,Stockholm Central Bus Terminal,Intercity bus terminal with connections across Sweden,https://www.flixbus.com,Local city bus or taxi service available outside the terminal.,
1540,Aby,plane,Aby International Airport,Main airport connecting Aby to international destinations,https://www.skyscanner.com,Take the official airport express bus or taxi directly to city center.,
1541,Aby,bus,Aby Central Bus Terminal,Intercity bus terminal with connections across Sweden,https://www.flixbus.com,Local city bus or taxi service available outside the terminal.,
1542,AElmhult,plane,AElmhult International Airport,Main airport connecting AElmhult to international destinations,https://www.skyscanner.com,Take the official airport express bus or taxi directly to city center.,
1543,AElmhult,bus,AElmhult Central Bus Terminal,Intercity bus terminal with connections across Sweden,https://www.flixbus.com,Local city bus or taxi service available outside the terminal.,
1544,AElvdalen,plane,AElvdalen International Airport,Main airport connecting AElvdalen to international destinations,https://www.skyscanner.com,Take the official airport express bus or taxi directly to city center.,
1545,AElvdalen,bus,AElvdalen Central Bus Terminal,Intercity bus terminal with connections across Sweden,https://www.flixbus.com,Local city bus or taxi service available outside the terminal.,
1546,Bern,plane,Bern International Airport,Main airport connecting Bern to international destinations,https://www.skyscanner.com,Take the official airport express bus or taxi directly to city center.,
1547,Bern,bus,Bern Central Bus Terminal,Intercity bus terminal with connections across Switzerland,https://www.flixbus.com,Local city bus or taxi service available outside the terminal.,
1548,Aadorf,plane,Aadorf International Airport,Main airport connecting Aadorf to international destinations,https://www.skyscanner.com,Take the official airport express bus or taxi directly to city center.,
1549,Aadorf,bus,Aadorf Central Bus Terminal,Intercity bus terminal with connections across Switzerland,https://www.flixbus.com,Local city bus or taxi service available outside the terminal.,
1550,Aarau,plane,Aarau International Airport,Main airport connecting Aarau to international destinations,https://www.skyscanner.com,Take the official airport express bus or taxi directly to city center.,
1551,Aarau,bus,Aarau Central Bus Terminal,Intercity bus terminal with connections across Switzerland,https://www.flixbus.com,Local city bus or taxi service available outside the terminal.,
1552,Aarberg,plane,Aarberg International Airport,Main airport connecting Aarberg to international destinations,https://www.skyscanner.com,Take the official airport express bus or taxi directly to city center.,
1553,Aarberg,bus,Aarberg Central Bus Terminal,Intercity bus terminal with connections across Switzerland,https://www.flixbus.com,Local city bus or taxi service available outside the terminal.,
1554,Damascus,plane,Damascus International Airport,Main airport connecting Damascus to international destinations,https://www.skyscanner.com,Take the official airport express bus or taxi directly to city center.,
1555,Damascus,bus,Damascus Central Bus Terminal,Intercity bus terminal with connections across Syria,https://www.flixbus.com,Local city bus or taxi service available outside the terminal.,
1556,Al Hasakah,plane,Al Hasakah International Airport,Main airport connecting Al Hasakah to international destinations,https://www.skyscanner.com,Take the official airport express bus or taxi directly to city center.,
1557,Al Hasakah,bus,Al Hasakah Central Bus Terminal,Intercity bus terminal with connections across Syria,https://www.flixbus.com,Local city bus or taxi service available outside the terminal.,
1558,Al Ladhiqiyah,plane,Al Ladhiqiyah International Airport,Main airport connecting Al Ladhiqiyah to international destinations,https://www.skyscanner.com,Take the official airport express bus or taxi directly to city center.,
1559,Al Ladhiqiyah,bus,Al Ladhiqiyah Central Bus Terminal,Intercity bus terminal with connections across Syria,https://www.flixbus.com,Local city bus or taxi service available outside the terminal.,
1560,Al Qunaytirah,plane,Al Qunaytirah International Airport,Main airport connecting Al Qunaytirah to international destinations,https://www.skyscanner.com,Take the official airport express bus or taxi directly to city center.,
1561,Al Qunaytirah,bus,Al Qunaytirah Central Bus Terminal,Intercity bus terminal with connections across Syria,https://www.flixbus.com,Local city bus or taxi service available outside the terminal.,
1562,São Tomé,plane,São Tomé International Airport,Main airport connecting São Tomé to international destinations,https://www.skyscanner.com,Take the official airport express bus or taxi directly to city center.,
1563,São Tomé,bus,São Tomé Central Bus Terminal,Intercity bus terminal with connections across São Tomé and Príncipe,https://www.flixbus.com,Local city bus or taxi service available outside the terminal.,
1564,Taipei,plane,Taipei International Airport,Main airport connecting Taipei to international destinations,https://www.skyscanner.com,Take the official airport express bus or taxi directly to city center.,
1565,Taipei,bus,Taipei Central Bus Terminal,Intercity bus terminal with connections across Taiwan,https://www.flixbus.com,Local city bus or taxi service available outside the terminal.,
1566,Budai,plane,Budai International Airport,Main airport connecting Budai to international destinations,https://www.skyscanner.com,Take the official airport express bus or taxi directly to city center.,
1567,Budai,bus,Budai Central Bus Terminal,Intercity bus terminal with connections across Taiwan,https://www.flixbus.com,Local city bus or taxi service available outside the terminal.,
1568,Caogang,plane,Caogang International Airport,Main airport connecting Caogang to international destinations,https://www.skyscanner.com,Take the official airport express bus or taxi directly to city center.,
1569,Caogang,bus,Caogang Central Bus Terminal,Intercity bus terminal with connections across Taiwan,https://www.flixbus.com,Local city bus or taxi service available outside the terminal.,
1570,Chang-hua,plane,Chang-hua International Airport,Main airport connecting Chang-hua to international destinations,https://www.skyscanner.com,Take the official airport express bus or taxi directly to city center.,
1571,Chang-hua,bus,Chang-hua Central Bus Terminal,Intercity bus terminal with connections across Taiwan,https://www.flixbus.com,Local city bus or taxi service available outside the terminal.,
1572,Dushanbe,plane,Dushanbe International Airport,Main airport connecting Dushanbe to international destinations,https://www.skyscanner.com,Take the official airport express bus or taxi directly to city center.,
1573,Dushanbe,bus,Dushanbe Central Bus Terminal,Intercity bus terminal with connections across Tajikistan,https://www.flixbus.com,Local city bus or taxi service available outside the terminal.,
1574,Dodoma,plane,Dodoma International Airport,Main airport connecting Dodoma to international destinations,https://www.skyscanner.com,Take the official airport express bus or taxi directly to city center.,
1575,Dodoma,bus,Dodoma Central Bus Terminal,Intercity bus terminal with connections across Tanzania,https://www.flixbus.com,Local city bus or taxi service available outside the terminal.,
1576,Arusha,plane,Arusha International Airport,Main airport connecting Arusha to international destinations,https://www.skyscanner.com,Take the official airport express bus or taxi directly to city center.,
1577,Arusha,bus,Arusha Central Bus Terminal,Intercity bus terminal with connections across Tanzania,https://www.flixbus.com,Local city bus or taxi service available outside the terminal.,
1578,Bukoba,plane,Bukoba International Airport,Main airport connecting Bukoba to international destinations,https://www.skyscanner.com,Take the official airport express bus or taxi directly to city center.,
1579,Bukoba,bus,Bukoba Central Bus Terminal,Intercity bus terminal with connections across Tanzania,https://www.flixbus.com,Local city bus or taxi service available outside the terminal.,
1580,Dar es Salaam,plane,Dar es Salaam International Airport,Main airport connecting Dar es Salaam to international destinations,https://www.skyscanner.com,Take the official airport express bus or taxi directly to city center.,
1581,Dar es Salaam,bus,Dar es Salaam Central Bus Terminal,Intercity bus terminal with connections across Tanzania,https://www.flixbus.com,Local city bus or taxi service available outside the terminal.,
1582,Bangkok,plane,Bangkok International Airport,Main airport connecting Bangkok to international destinations,https://www.skyscanner.com,Take the official airport express bus or taxi directly to city center.,
1583,Bangkok,bus,Bangkok Central Bus Terminal,Intercity bus terminal with connections across Thailand,https://www.flixbus.com,Local city bus or taxi service available outside the terminal.,
1584,Phuket,plane,Phuket International Airport,Main airport connecting Phuket to international destinations,https://www.skyscanner.com,Take the official airport express bus or taxi directly to city center.,
1585,Phuket,bus,Phuket Central Bus Terminal,Intercity bus terminal with connections across Thailand,https://www.flixbus.com,Local city bus or taxi service available outside the terminal.,
1586,Chiang Mai,plane,Chiang Mai International Airport,Main airport connecting Chiang Mai to international destinations,https://www.skyscanner.com,Take the official airport express bus or taxi directly to city center.,
1587,Chiang Mai,bus,Chiang Mai Central Bus Terminal,Intercity bus terminal with connections across Thailand,https://www.flixbus.com,Local city bus or taxi service available outside the terminal.,
1588,Dili,plane,Dili International Airport,Main airport connecting Dili to international destinations,https://www.skyscanner.com,Take the official airport express bus or taxi directly to city center.,
1589,Dili,bus,Dili Central Bus Terminal,Intercity bus terminal with connections across Timor-Leste,https://www.flixbus.com,Local city bus or taxi service available outside the terminal.,
1590,Aileu,plane,Aileu International Airport,Main airport connecting Aileu to international destinations,https://www.skyscanner.com,Take the official airport express bus or taxi directly to city center.,
1591,Aileu,bus,Aileu Central Bus Terminal,Intercity bus terminal with connections across Timor-Leste,https://www.flixbus.com,Local city bus or taxi service available outside the terminal.,
1592,Ainaro,plane,Ainaro International Airport,Main airport connecting Ainaro to international destinations,https://www.skyscanner.com,Take the official airport express bus or taxi directly to city center.,
1593,Ainaro,bus,Ainaro Central Bus Terminal,Intercity bus terminal with connections across Timor-Leste,https://www.flixbus.com,Local city bus or taxi service available outside the terminal.,
1594,Baucau,plane,Baucau International Airport,Main airport connecting Baucau to international destinations,https://www.skyscanner.com,Take the official airport express bus or taxi directly to city center.,
1595,Baucau,bus,Baucau Central Bus Terminal,Intercity bus terminal with connections across Timor-Leste,https://www.flixbus.com,Local city bus or taxi service available outside the terminal.,
1596,Lomé,plane,Lomé International Airport,Main airport connecting Lomé to international destinations,https://www.skyscanner.com,Take the official airport express bus or taxi directly to city center.,
1597,Lomé,bus,Lomé Central Bus Terminal,Intercity bus terminal with connections across Togo,https://www.flixbus.com,Local city bus or taxi service available outside the terminal.,
1598,Kara,plane,Kara International Airport,Main airport connecting Kara to international destinations,https://www.skyscanner.com,Take the official airport express bus or taxi directly to city center.,
1599,Kara,bus,Kara Central Bus Terminal,Intercity bus terminal with connections across Togo,https://www.flixbus.com,Local city bus or taxi service available outside the terminal.,
1600,Plateaux,plane,Plateaux International Airport,Main airport connecting Plateaux to international destinations,https://www.skyscanner.com,Take the official airport express bus or taxi directly to city center.,
1601,Plateaux,bus,Plateaux Central Bus Terminal,Intercity bus terminal with connections across Togo,https://www.flixbus.com,Local city bus or taxi service available outside the terminal.,
1602,Savanes,plane,Savanes International Airport,Main airport connecting Savanes to international destinations,https://www.skyscanner.com,Take the official airport express bus or taxi directly to city center.,
1603,Savanes,bus,Savanes Central Bus Terminal,Intercity bus terminal with connections across Togo,https://www.flixbus.com,Local city bus or taxi service available outside the terminal.,
1604,Fakaofo,plane,Fakaofo International Airport,Main airport connecting Fakaofo to international destinations,https://www.skyscanner.com,Take the official airport express bus or taxi directly to city center.,
1605,Fakaofo,bus,Fakaofo Central Bus Terminal,Intercity bus terminal with connections across Tokelau,https://www.flixbus.com,Local city bus or taxi service available outside the terminal.,
1606,Atafu Village (village),plane,Atafu Village (village) International Airport,Main airport connecting Atafu Village (village) to international destinations,https://www.skyscanner.com,Take the official airport express bus or taxi directly to city center.,
1607,Atafu Village (village),bus,Atafu Village (village) Central Bus Terminal,Intercity bus terminal with connections across Tokelau,https://www.flixbus.com,Local city bus or taxi service available outside the terminal.,
1608,Nukunonu (village),plane,Nukunonu (village) International Airport,Main airport connecting Nukunonu (village) to international destinations,https://www.skyscanner.com,Take the official airport express bus or taxi directly to city center.,
1609,Nukunonu (village),bus,Nukunonu (village) Central Bus Terminal,Intercity bus terminal with connections across Tokelau,https://www.flixbus.com,Local city bus or taxi service available outside the terminal.,
1610,Fakaofo (village),plane,Fakaofo (village) International Airport,Main airport connecting Fakaofo (village) to international destinations,https://www.skyscanner.com,Take the official airport express bus or taxi directly to city center.,
1611,Fakaofo (village),bus,Fakaofo (village) Central Bus Terminal,Intercity bus terminal with connections across Tokelau,https://www.flixbus.com,Local city bus or taxi service available outside the terminal.,
1612,Nuku'alofa,plane,Nuku'alofa International Airport,Main airport connecting Nuku'alofa to international destinations,https://www.skyscanner.com,Take the official airport express bus or taxi directly to city center.,
1613,Nuku'alofa,bus,Nuku'alofa Central Bus Terminal,Intercity bus terminal with connections across Tonga,https://www.flixbus.com,Local city bus or taxi service available outside the terminal.,
1614,Port of Spain,plane,Port of Spain International Airport,Main airport connecting Port of Spain to international destinations,https://www.skyscanner.com,Take the official airport express bus or taxi directly to city center.,
1615,Port of Spain,bus,Port of Spain Central Bus Terminal,Intercity bus terminal with connections across Trinidad and Tobago,https://www.flixbus.com,Local city bus or taxi service available outside the terminal.,
1616,Arima,plane,Arima International Airport,Main airport connecting Arima to international destinations,https://www.skyscanner.com,Take the official airport express bus or taxi directly to city center.,
1617,Arima,bus,Arima Central Bus Terminal,Intercity bus terminal with connections across Trinidad and Tobago,https://www.flixbus.com,Local city bus or taxi service available outside the terminal.,
1618,Arouca,plane,Arouca International Airport,Main airport connecting Arouca to international destinations,https://www.skyscanner.com,Take the official airport express bus or taxi directly to city center.,
1619,Arouca,bus,Arouca Central Bus Terminal,Intercity bus terminal with connections across Trinidad and Tobago,https://www.flixbus.com,Local city bus or taxi service available outside the terminal.,
1620,Barataria,plane,Barataria International Airport,Main airport connecting Barataria to international destinations,https://www.skyscanner.com,Take the official airport express bus or taxi directly to city center.,
1621,Barataria,bus,Barataria Central Bus Terminal,Intercity bus terminal with connections across Trinidad and Tobago,https://www.flixbus.com,Local city bus or taxi service available outside the terminal.,
1622,Tunis,plane,Tunis International Airport,Main airport connecting Tunis to international destinations,https://www.skyscanner.com,Take the official airport express bus or taxi directly to city center.,
1623,Tunis,bus,Tunis Central Bus Terminal,Intercity bus terminal with connections across Tunisia,https://www.flixbus.com,Local city bus or taxi service available outside the terminal.,
1624,Ariana,plane,Ariana International Airport,Main airport connecting Ariana to international destinations,https://www.skyscanner.com,Take the official airport express bus or taxi directly to city center.,
1625,Ariana,bus,Ariana Central Bus Terminal,Intercity bus terminal with connections across Tunisia,https://www.flixbus.com,Local city bus or taxi service available outside the terminal.,
1626,Beja,plane,Beja International Airport,Main airport connecting Beja to international destinations,https://www.skyscanner.com,Take the official airport express bus or taxi directly to city center.,
1627,Beja,bus,Beja Central Bus Terminal,Intercity bus terminal with connections across Tunisia,https://www.flixbus.com,Local city bus or taxi service available outside the terminal.,
1628,Gafsa,plane,Gafsa International Airport,Main airport connecting Gafsa to international destinations,https://www.skyscanner.com,Take the official airport express bus or taxi directly to city center.,
1629,Gafsa,bus,Gafsa Central Bus Terminal,Intercity bus terminal with connections across Tunisia,https://www.flixbus.com,Local city bus or taxi service available outside the terminal.,
1630,Istanbul,plane,Istanbul Airport (IST),Primary international gateway on the European side,https://www.skyscanner.com,Take M11 Metro Line (Gayrettepe - Kağıthane - IST Airport) or Havaist shuttles directly to Taksim & Beşiktaş.,https://hava.ist
1631,Istanbul,plane,Sabiha Gokcen Airport (SAW),Major international airport on the Asian side,https://www.skyscanner.com,Take M4 Metro Line (Kadıköy - Sabiha Gökçen) or Havabus shuttles directly to Kadıköy & Taksim.,https://www.havabuses.com
1632,Istanbul,bus,Esenler Bus Terminal (Buyuk Otogar),Main European side intercity coach station,https://www.obilet.com,M1A Metro Line connects directly to Aksaray and Yenikapı transfer hub.,
1633,Istanbul,bus,Alibeykoy Coach Terminal,Modern intercity terminal on the European side,https://www.obilet.com,T5 Tram Line to Eminönü or M7 Metro Line for quick city center transfer.,
1634,Bursa,bus,Bursa Intercity Bus Terminal,Central coach station connecting major cities,https://www.obilet.com,Take 93/38 coded yellow buses or T2 tram line to city center.,
1635,Bursa,plane,Sabiha Gokcen Airport (SAW),Nearest major international airport to Bursa,https://www.skyscanner.com,Take BBBUS directly from SAW airport arrivals to Bursa coach terminal.,https://bus.burulas.com.tr
1636,Antalya,plane,Antalya International Airport,Main airport connecting Antalya to international destinations,https://www.skyscanner.com,Take the official airport express bus or taxi directly to city center.,
1637,Antalya,bus,Antalya Central Bus Terminal,Intercity bus terminal with connections across Turkey,https://www.flixbus.com,Local city bus or taxi service available outside the terminal.,
1638,Ankara,plane,Esenboga Airport (ESB),Primary airport for the capital city Ankara,https://www.skyscanner.com,Take Belko Air shuttle buses or 442 public bus line to Kizilay and ASTI.,https://www.belkoair.com
1639,Ankara,bus,ASTI Bus Terminal,Central coach station of Ankara,https://www.obilet.com,Ankaray Light Rail line connects directly to Kizilay and Maltepe.,
1640,Izmir,plane,Adnan Menderes Airport (ADB),Main airport serving Izmir and Aegean region,https://www.skyscanner.com,IZBAN Commuter Train or Havas shuttles connect directly to Alsancak and Karsiyaka.,https://www.izban.com.tr
1641,Cappadocia,plane,Cappadocia International Airport,Main airport connecting Cappadocia to international destinations,https://www.skyscanner.com,Take the official airport express bus or taxi directly to city center.,
1642,Cappadocia,bus,Cappadocia Central Bus Terminal,Intercity bus terminal with connections across Turkey,https://www.flixbus.com,Local city bus or taxi service available outside the terminal.,
1643,Ashgabat,plane,Ashgabat International Airport,Main airport connecting Ashgabat to international destinations,https://www.skyscanner.com,Take the official airport express bus or taxi directly to city center.,
1644,Ashgabat,bus,Ashgabat Central Bus Terminal,Intercity bus terminal with connections across Turkmenistan,https://www.flixbus.com,Local city bus or taxi service available outside the terminal.,
1645,Ahal Welayaty (Ashgabat),plane,Ahal Welayaty (Ashgabat) International Airport,Main airport connecting Ahal Welayaty (Ashgabat) to international destinations,https://www.skyscanner.com,Take the official airport express bus or taxi directly to city center.,
1646,Ahal Welayaty (Ashgabat),bus,Ahal Welayaty (Ashgabat) Central Bus Terminal,Intercity bus terminal with connections across Turkmenistan,https://www.flixbus.com,Local city bus or taxi service available outside the terminal.,
1647,Balkan Welayaty (Balkanabat),plane,Balkan Welayaty (Balkanabat) International Airport,Main airport connecting Balkan Welayaty (Balkanabat) to international destinations,https://www.skyscanner.com,Take the official airport express bus or taxi directly to city center.,
1648,Balkan Welayaty (Balkanabat),bus,Balkan Welayaty (Balkanabat) Central Bus Terminal,Intercity bus terminal with connections across Turkmenistan,https://www.flixbus.com,Local city bus or taxi service available outside the terminal.,
1649,Dashoguz Welayaty,plane,Dashoguz Welayaty International Airport,Main airport connecting Dashoguz Welayaty to international destinations,https://www.skyscanner.com,Take the official airport express bus or taxi directly to city center.,
1650,Dashoguz Welayaty,bus,Dashoguz Welayaty Central Bus Terminal,Intercity bus terminal with connections across Turkmenistan,https://www.flixbus.com,Local city bus or taxi service available outside the terminal.,
1651,Cockburn Town,plane,Cockburn Town International Airport,Main airport connecting Cockburn Town to international destinations,https://www.skyscanner.com,Take the official airport express bus or taxi directly to city center.,
1652,Cockburn Town,bus,Cockburn Town Central Bus Terminal,Intercity bus terminal with connections across Turks and Caicos Islands,https://www.flixbus.com,Local city bus or taxi service available outside the terminal.,
1653,Back Salina,plane,Back Salina International Airport,Main airport connecting Back Salina to international destinations,https://www.skyscanner.com,Take the official airport express bus or taxi directly to city center.,
1654,Back Salina,bus,Back Salina Central Bus Terminal,Intercity bus terminal with connections across Turks and Caicos Islands,https://www.flixbus.com,Local city bus or taxi service available outside the terminal.,
1655,Blue Hills,plane,Blue Hills International Airport,Main airport connecting Blue Hills to international destinations,https://www.skyscanner.com,Take the official airport express bus or taxi directly to city center.,
1656,Blue Hills,bus,Blue Hills Central Bus Terminal,Intercity bus terminal with connections across Turks and Caicos Islands,https://www.flixbus.com,Local city bus or taxi service available outside the terminal.,
1657,Blue Mountain,plane,Blue Mountain International Airport,Main airport connecting Blue Mountain to international destinations,https://www.skyscanner.com,Take the official airport express bus or taxi directly to city center.,
1658,Blue Mountain,bus,Blue Mountain Central Bus Terminal,Intercity bus terminal with connections across Turks and Caicos Islands,https://www.flixbus.com,Local city bus or taxi service available outside the terminal.,
1659,Funafuti,plane,Funafuti International Airport,Main airport connecting Funafuti to international destinations,https://www.skyscanner.com,Take the official airport express bus or taxi directly to city center.,
1660,Funafuti,bus,Funafuti Central Bus Terminal,Intercity bus terminal with connections across Tuvalu,https://www.flixbus.com,Local city bus or taxi service available outside the terminal.,
1661,Kampala,plane,Kampala International Airport,Main airport connecting Kampala to international destinations,https://www.skyscanner.com,Take the official airport express bus or taxi directly to city center.,
1662,Kampala,bus,Kampala Central Bus Terminal,Intercity bus terminal with connections across Uganda,https://www.flixbus.com,Local city bus or taxi service available outside the terminal.,
1663,Adjumani,plane,Adjumani International Airport,Main airport connecting Adjumani to international destinations,https://www.skyscanner.com,Take the official airport express bus or taxi directly to city center.,
1664,Adjumani,bus,Adjumani Central Bus Terminal,Intercity bus terminal with connections across Uganda,https://www.flixbus.com,Local city bus or taxi service available outside the terminal.,
1665,Apac,plane,Apac International Airport,Main airport connecting Apac to international destinations,https://www.skyscanner.com,Take the official airport express bus or taxi directly to city center.,
1666,Apac,bus,Apac Central Bus Terminal,Intercity bus terminal with connections across Uganda,https://www.flixbus.com,Local city bus or taxi service available outside the terminal.,
1667,Arua,plane,Arua International Airport,Main airport connecting Arua to international destinations,https://www.skyscanner.com,Take the official airport express bus or taxi directly to city center.,
1668,Arua,bus,Arua Central Bus Terminal,Intercity bus terminal with connections across Uganda,https://www.flixbus.com,Local city bus or taxi service available outside the terminal.,
1669,Kyiv,plane,Kyiv International Airport,Main airport connecting Kyiv to international destinations,https://www.skyscanner.com,Take the official airport express bus or taxi directly to city center.,
1670,Kyiv,bus,Kyiv Central Bus Terminal,Intercity bus terminal with connections across Ukraine,https://www.flixbus.com,Local city bus or taxi service available outside the terminal.,
1671,Aleksandriya,plane,Aleksandriya International Airport,Main airport connecting Aleksandriya to international destinations,https://www.skyscanner.com,Take the official airport express bus or taxi directly to city center.,
1672,Aleksandriya,bus,Aleksandriya Central Bus Terminal,Intercity bus terminal with connections across Ukraine,https://www.flixbus.com,Local city bus or taxi service available outside the terminal.,
1673,Aleksandrovka,plane,Aleksandrovka International Airport,Main airport connecting Aleksandrovka to international destinations,https://www.skyscanner.com,Take the official airport express bus or taxi directly to city center.,
1674,Aleksandrovka,bus,Aleksandrovka Central Bus Terminal,Intercity bus terminal with connections across Ukraine,https://www.flixbus.com,Local city bus or taxi service available outside the terminal.,
1675,Alekseyevo-Druzhkovka,plane,Alekseyevo-Druzhkovka International Airport,Main airport connecting Alekseyevo-Druzhkovka to international destinations,https://www.skyscanner.com,Take the official airport express bus or taxi directly to city center.,
1676,Alekseyevo-Druzhkovka,bus,Alekseyevo-Druzhkovka Central Bus Terminal,Intercity bus terminal with connections across Ukraine,https://www.flixbus.com,Local city bus or taxi service available outside the terminal.,
1677,Dubai,plane,Dubai International Airport,Main airport connecting Dubai to international destinations,https://www.skyscanner.com,Take the official airport express bus or taxi directly to city center.,
1678,Dubai,bus,Dubai Central Bus Terminal,Intercity bus terminal with connections across United Arab Emirates,https://www.flixbus.com,Local city bus or taxi service available outside the terminal.,
1679,Abu Dhabi,plane,Abu Dhabi International Airport,Main airport connecting Abu Dhabi to international destinations,https://www.skyscanner.com,Take the official airport express bus or taxi directly to city center.,
1680,Abu Dhabi,bus,Abu Dhabi Central Bus Terminal,Intercity bus terminal with connections across United Arab Emirates,https://www.flixbus.com,Local city bus or taxi service available outside the terminal.,
1681,London,plane,London Heathrow Airport (LHR),Primary hub airport,https://www.skyscanner.com,Take Elizabeth Line or Heathrow Express to Paddington.,https://www.heathrowexpress.com
1682,London,plane,London Gatwick Airport (LGW),Major south London airport,https://www.skyscanner.com,Take Gatwick Express or Southern rail to Victoria Station.,https://www.gatwickexpress.com
1683,Edinburgh,plane,Edinburgh International Airport,Main airport connecting Edinburgh to international destinations,https://www.skyscanner.com,Take the official airport express bus or taxi directly to city center.,
1684,Edinburgh,bus,Edinburgh Central Bus Terminal,Intercity bus terminal with connections across United Kingdom,https://www.flixbus.com,Local city bus or taxi service available outside the terminal.,
1685,Manchester,plane,Manchester International Airport,Main airport connecting Manchester to international destinations,https://www.skyscanner.com,Take the official airport express bus or taxi directly to city center.,
1686,Manchester,bus,Manchester Central Bus Terminal,Intercity bus terminal with connections across United Kingdom,https://www.flixbus.com,Local city bus or taxi service available outside the terminal.,
1687,Liverpool,plane,Liverpool International Airport,Main airport connecting Liverpool to international destinations,https://www.skyscanner.com,Take the official airport express bus or taxi directly to city center.,
1688,Liverpool,bus,Liverpool Central Bus Terminal,Intercity bus terminal with connections across United Kingdom,https://www.flixbus.com,Local city bus or taxi service available outside the terminal.,
1689,New York City,plane,John F. Kennedy International Airport (JFK),Primary international gateway,https://www.skyscanner.com,"Take JFK AirTrain to Jamaica Station, then LIRR or subway E line to Manhattan.",https://new.mta.info
1690,Los Angeles,plane,Los Angeles International Airport,Main airport connecting Los Angeles to international destinations,https://www.skyscanner.com,Take the official airport express bus or taxi directly to city center.,
1691,Los Angeles,bus,Los Angeles Central Bus Terminal,Intercity bus terminal with connections across United States,https://www.flixbus.com,Local city bus or taxi service available outside the terminal.,
1692,Chicago,plane,Chicago International Airport,Main airport connecting Chicago to international destinations,https://www.skyscanner.com,Take the official airport express bus or taxi directly to city center.,
1693,Chicago,bus,Chicago Central Bus Terminal,Intercity bus terminal with connections across United States,https://www.flixbus.com,Local city bus or taxi service available outside the terminal.,
1694,Miami,plane,Miami International Airport,Main airport connecting Miami to international destinations,https://www.skyscanner.com,Take the official airport express bus or taxi directly to city center.,
1695,Miami,bus,Miami Central Bus Terminal,Intercity bus terminal with connections across United States,https://www.flixbus.com,Local city bus or taxi service available outside the terminal.,
1696,San Francisco,plane,San Francisco International Airport,Main airport connecting San Francisco to international destinations,https://www.skyscanner.com,Take the official airport express bus or taxi directly to city center.,
1697,San Francisco,bus,San Francisco Central Bus Terminal,Intercity bus terminal with connections across United States,https://www.flixbus.com,Local city bus or taxi service available outside the terminal.,
1698,Charlotte Amalie,plane,Charlotte Amalie International Airport,Main airport connecting Charlotte Amalie to international destinations,https://www.skyscanner.com,Take the official airport express bus or taxi directly to city center.,
1699,Charlotte Amalie,bus,Charlotte Amalie Central Bus Terminal,Intercity bus terminal with connections across United States Virgin Islands,https://www.flixbus.com,Local city bus or taxi service available outside the terminal.,
1700,Montevideo,plane,Montevideo International Airport,Main airport connecting Montevideo to international destinations,https://www.skyscanner.com,Take the official airport express bus or taxi directly to city center.,
1701,Montevideo,bus,Montevideo Central Bus Terminal,Intercity bus terminal with connections across Uruguay,https://www.flixbus.com,Local city bus or taxi service available outside the terminal.,
1702,Barra de Carrasco,plane,Barra de Carrasco International Airport,Main airport connecting Barra de Carrasco to international destinations,https://www.skyscanner.com,Take the official airport express bus or taxi directly to city center.,
1703,Barra de Carrasco,bus,Barra de Carrasco Central Bus Terminal,Intercity bus terminal with connections across Uruguay,https://www.flixbus.com,Local city bus or taxi service available outside the terminal.,
1704,Canelones,plane,Canelones International Airport,Main airport connecting Canelones to international destinations,https://www.skyscanner.com,Take the official airport express bus or taxi directly to city center.,
1705,Canelones,bus,Canelones Central Bus Terminal,Intercity bus terminal with connections across Uruguay,https://www.flixbus.com,Local city bus or taxi service available outside the terminal.,
1706,Colonia del Sacramento,plane,Colonia del Sacramento International Airport,Main airport connecting Colonia del Sacramento to international destinations,https://www.skyscanner.com,Take the official airport express bus or taxi directly to city center.,
1707,Colonia del Sacramento,bus,Colonia del Sacramento Central Bus Terminal,Intercity bus terminal with connections across Uruguay,https://www.flixbus.com,Local city bus or taxi service available outside the terminal.,
1708,Tashkent,plane,Tashkent International Airport,Main airport connecting Tashkent to international destinations,https://www.skyscanner.com,Take the official airport express bus or taxi directly to city center.,
1709,Tashkent,bus,Tashkent Central Bus Terminal,Intercity bus terminal with connections across Uzbekistan,https://www.flixbus.com,Local city bus or taxi service available outside the terminal.,
1710,Andijon Viloyati,plane,Andijon Viloyati International Airport,Main airport connecting Andijon Viloyati to international destinations,https://www.skyscanner.com,Take the official airport express bus or taxi directly to city center.,
1711,Andijon Viloyati,bus,Andijon Viloyati Central Bus Terminal,Intercity bus terminal with connections across Uzbekistan,https://www.flixbus.com,Local city bus or taxi service available outside the terminal.,
1712,Buxoro Viloyati,plane,Buxoro Viloyati International Airport,Main airport connecting Buxoro Viloyati to international destinations,https://www.skyscanner.com,Take the official airport express bus or taxi directly to city center.,
1713,Buxoro Viloyati,bus,Buxoro Viloyati Central Bus Terminal,Intercity bus terminal with connections across Uzbekistan,https://www.flixbus.com,Local city bus or taxi service available outside the terminal.,
1714,Farg'ona Viloyati,plane,Farg'ona Viloyati International Airport,Main airport connecting Farg'ona Viloyati to international destinations,https://www.skyscanner.com,Take the official airport express bus or taxi directly to city center.,
1715,Farg'ona Viloyati,bus,Farg'ona Viloyati Central Bus Terminal,Intercity bus terminal with connections across Uzbekistan,https://www.flixbus.com,Local city bus or taxi service available outside the terminal.,
1716,Port Vila,plane,Port Vila International Airport,Main airport connecting Port Vila to international destinations,https://www.skyscanner.com,Take the official airport express bus or taxi directly to city center.,
1717,Port Vila,bus,Port Vila Central Bus Terminal,Intercity bus terminal with connections across Vanuatu,https://www.flixbus.com,Local city bus or taxi service available outside the terminal.,
1718,Malampa,plane,Malampa International Airport,Main airport connecting Malampa to international destinations,https://www.skyscanner.com,Take the official airport express bus or taxi directly to city center.,
1719,Malampa,bus,Malampa Central Bus Terminal,Intercity bus terminal with connections across Vanuatu,https://www.flixbus.com,Local city bus or taxi service available outside the terminal.,
1720,Penama,plane,Penama International Airport,Main airport connecting Penama to international destinations,https://www.skyscanner.com,Take the official airport express bus or taxi directly to city center.,
1721,Penama,bus,Penama Central Bus Terminal,Intercity bus terminal with connections across Vanuatu,https://www.flixbus.com,Local city bus or taxi service available outside the terminal.,
1722,Sanma,plane,Sanma International Airport,Main airport connecting Sanma to international destinations,https://www.skyscanner.com,Take the official airport express bus or taxi directly to city center.,
1723,Sanma,bus,Sanma Central Bus Terminal,Intercity bus terminal with connections across Vanuatu,https://www.flixbus.com,Local city bus or taxi service available outside the terminal.,
1724,Vatican City,plane,Vatican City International Airport,Main airport connecting Vatican City to international destinations,https://www.skyscanner.com,Take the official airport express bus or taxi directly to city center.,
1725,Vatican City,bus,Vatican City Central Bus Terminal,Intercity bus terminal with connections across Vatican City,https://www.flixbus.com,Local city bus or taxi service available outside the terminal.,
1726,Caracas,plane,Caracas International Airport,Main airport connecting Caracas to international destinations,https://www.skyscanner.com,Take the official airport express bus or taxi directly to city center.,
1727,Caracas,bus,Caracas Central Bus Terminal,Intercity bus terminal with connections across Venezuela,https://www.flixbus.com,Local city bus or taxi service available outside the terminal.,
1728,Acarigua,plane,Acarigua International Airport,Main airport connecting Acarigua to international destinations,https://www.skyscanner.com,Take the official airport express bus or taxi directly to city center.,
1729,Acarigua,bus,Acarigua Central Bus Terminal,Intercity bus terminal with connections across Venezuela,https://www.flixbus.com,Local city bus or taxi service available outside the terminal.,
1730,Anaco,plane,Anaco International Airport,Main airport connecting Anaco to international destinations,https://www.skyscanner.com,Take the official airport express bus or taxi directly to city center.,
1731,Anaco,bus,Anaco Central Bus Terminal,Intercity bus terminal with connections across Venezuela,https://www.flixbus.com,Local city bus or taxi service available outside the terminal.,
1732,Araure,plane,Araure International Airport,Main airport connecting Araure to international destinations,https://www.skyscanner.com,Take the official airport express bus or taxi directly to city center.,
1733,Araure,bus,Araure Central Bus Terminal,Intercity bus terminal with connections across Venezuela,https://www.flixbus.com,Local city bus or taxi service available outside the terminal.,
1734,Hanoi,plane,Hanoi International Airport,Main airport connecting Hanoi to international destinations,https://www.skyscanner.com,Take the official airport express bus or taxi directly to city center.,
1735,Hanoi,bus,Hanoi Central Bus Terminal,Intercity bus terminal with connections across Vietnam,https://www.flixbus.com,Local city bus or taxi service available outside the terminal.,
1736,An Dinh,plane,An Dinh International Airport,Main airport connecting An Dinh to international destinations,https://www.skyscanner.com,Take the official airport express bus or taxi directly to city center.,
1737,An Dinh,bus,An Dinh Central Bus Terminal,Intercity bus terminal with connections across Vietnam,https://www.flixbus.com,Local city bus or taxi service available outside the terminal.,
1738,An Giang,plane,An Giang International Airport,Main airport connecting An Giang to international destinations,https://www.skyscanner.com,Take the official airport express bus or taxi directly to city center.,
1739,An Giang,bus,An Giang Central Bus Terminal,Intercity bus terminal with connections across Vietnam,https://www.flixbus.com,Local city bus or taxi service available outside the terminal.,
1740,An Nhon,plane,An Nhon International Airport,Main airport connecting An Nhon to international destinations,https://www.skyscanner.com,Take the official airport express bus or taxi directly to city center.,
1741,An Nhon,bus,An Nhon Central Bus Terminal,Intercity bus terminal with connections across Vietnam,https://www.flixbus.com,Local city bus or taxi service available outside the terminal.,
1742,Mata-Utu,plane,Mata-Utu International Airport,Main airport connecting Mata-Utu to international destinations,https://www.skyscanner.com,Take the official airport express bus or taxi directly to city center.,
1743,Mata-Utu,bus,Mata-Utu Central Bus Terminal,Intercity bus terminal with connections across Wallis and Futuna,https://www.flixbus.com,Local city bus or taxi service available outside the terminal.,
1744,Alele,plane,Alele International Airport,Main airport connecting Alele to international destinations,https://www.skyscanner.com,Take the official airport express bus or taxi directly to city center.,
1745,Alele,bus,Alele Central Bus Terminal,Intercity bus terminal with connections across Wallis and Futuna,https://www.flixbus.com,Local city bus or taxi service available outside the terminal.,
1746,Vaitupu,plane,Vaitupu International Airport,Main airport connecting Vaitupu to international destinations,https://www.skyscanner.com,Take the official airport express bus or taxi directly to city center.,
1747,Vaitupu,bus,Vaitupu Central Bus Terminal,Intercity bus terminal with connections across Wallis and Futuna,https://www.flixbus.com,Local city bus or taxi service available outside the terminal.,
1748,Mala'e,plane,Mala'e International Airport,Main airport connecting Mala'e to international destinations,https://www.skyscanner.com,Take the official airport express bus or taxi directly to city center.,
1749,Mala'e,bus,Mala'e Central Bus Terminal,Intercity bus terminal with connections across Wallis and Futuna,https://www.flixbus.com,Local city bus or taxi service available outside the terminal.,
1750,El Aaiún,plane,El Aaiún International Airport,Main airport connecting El Aaiún to international destinations,https://www.skyscanner.com,Take the official airport express bus or taxi directly to city center.,
1751,El Aaiún,bus,El Aaiún Central Bus Terminal,Intercity bus terminal with connections across Western Sahara,https://www.flixbus.com,Local city bus or taxi service available outside the terminal.,
1752,Sana'a,plane,Sana'a International Airport,Main airport connecting Sana'a to international destinations,https://www.skyscanner.com,Take the official airport express bus or taxi directly to city center.,
1753,Sana'a,bus,Sana'a Central Bus Terminal,Intercity bus terminal with connections across Yemen,https://www.flixbus.com,Local city bus or taxi service available outside the terminal.,
1754,Abyan,plane,Abyan International Airport,Main airport connecting Abyan to international destinations,https://www.skyscanner.com,Take the official airport express bus or taxi directly to city center.,
1755,Abyan,bus,Abyan Central Bus Terminal,Intercity bus terminal with connections across Yemen,https://www.flixbus.com,Local city bus or taxi service available outside the terminal.,
1756,'Adan,plane,'Adan International Airport,Main airport connecting 'Adan to international destinations,https://www.skyscanner.com,Take the official airport express bus or taxi directly to city center.,
1757,'Adan,bus,'Adan Central Bus Terminal,Intercity bus terminal with connections across Yemen,https://www.flixbus.com,Local city bus or taxi service available outside the terminal.,
1758,Ad Dali',plane,Ad Dali' International Airport,Main airport connecting Ad Dali' to international destinations,https://www.skyscanner.com,Take the official airport express bus or taxi directly to city center.,
1759,Ad Dali',bus,Ad Dali' Central Bus Terminal,Intercity bus terminal with connections across Yemen,https://www.flixbus.com,Local city bus or taxi service available outside the terminal.,
1760,Lusaka,plane,Lusaka International Airport,Main airport connecting Lusaka to international destinations,https://www.skyscanner.com,Take the official airport express bus or taxi directly to city center.,
1761,Lusaka,bus,Lusaka Central Bus Terminal,Intercity bus terminal with connections across Zambia,https://www.flixbus.com,Local city bus or taxi service available outside the terminal.,
1762,Kalomo,plane,Kalomo International Airport,Main airport connecting Kalomo to international destinations,https://www.skyscanner.com,Take the official airport express bus or taxi directly to city center.,
1763,Kalomo,bus,Kalomo Central Bus Terminal,Intercity bus terminal with connections across Zambia,https://www.flixbus.com,Local city bus or taxi service available outside the terminal.,
1764,Kitwe,plane,Kitwe International Airport,Main airport connecting Kitwe to international destinations,https://www.skyscanner.com,Take the official airport express bus or taxi directly to city center.,
1765,Kitwe,bus,Kitwe Central Bus Terminal,Intercity bus terminal with connections across Zambia,https://www.flixbus.com,Local city bus or taxi service available outside the terminal.,
1766,Livingstone,plane,Livingstone International Airport,Main airport connecting Livingstone to international destinations,https://www.skyscanner.com,Take the official airport express bus or taxi directly to city center.,
1767,Livingstone,bus,Livingstone Central Bus Terminal,Intercity bus terminal with connections across Zambia,https://www.flixbus.com,Local city bus or taxi service available outside the terminal.,
1768,Harare,plane,Harare International Airport,Main airport connecting Harare to international destinations,https://www.skyscanner.com,Take the official airport express bus or taxi directly to city center.,
1769,Harare,bus,Harare Central Bus Terminal,Intercity bus terminal with connections across Zimbabwe,https://www.flixbus.com,Local city bus or taxi service available outside the terminal.,
1770,Bulawayo,plane,Bulawayo International Airport,Main airport connecting Bulawayo to international destinations,https://www.skyscanner.com,Take the official airport express bus or taxi directly to city center.,
1771,Bulawayo,bus,Bulawayo Central Bus Terminal,Intercity bus terminal with connections across Zimbabwe,https://www.flixbus.com,Local city bus or taxi service available outside the terminal.,
1772,Chinhoyi,plane,Chinhoyi International Airport,Main airport connecting Chinhoyi to international destinations,https://www.skyscanner.com,Take the official airport express bus or taxi directly to city center.,
1773,Chinhoyi,bus,Chinhoyi Central Bus Terminal,Intercity bus terminal with connections across Zimbabwe,https://www.flixbus.com,Local city bus or taxi service available outside the terminal.,
1774,Greendale,plane,Greendale International Airport,Main airport connecting Greendale to international destinations,https://www.skyscanner.com,Take the official airport express bus or taxi directly to city center.,
1775,Greendale,bus,Greendale Central Bus Terminal,Intercity bus terminal with connections across Zimbabwe,https://www.flixbus.com,Local city bus or taxi service available outside the terminal.,
1776,Mariehamn,plane,Mariehamn International Airport,Main airport connecting Mariehamn to international destinations,https://www.skyscanner.com,Take the official airport express bus or taxi directly to city center.,
1777,Mariehamn,bus,Mariehamn Central Bus Terminal,Intercity bus terminal with connections across Åland Islands,https://www.flixbus.com,Local city bus or taxi service available outside the terminal.,
